id,candidate_id,qplume,name,folder,date,datetime,window_col_off,window_row_off,window_width,window_height,subset,difficulty,label_path,has_plume,window_labels
ang20191006t155231_r9497_c279_w151_h151,ang20191006t155231-F,332.4903373,ang20191006t155231,/AVIRISNG/Permian2019/ang20191006t155231_r9497_c279_w151_h151,2019-10-06,2019-10-06 15:52:31+00:00,0,0,512,512,train,hard,gs://starcop/Permian/permian_2019_official/ang20191006t155231-F_r9497_c279_ctr.tif,True,"Window(col_off=-180, row_off=-180, width=512, height=512)"
ang20191006t183904_r5393_c97_w151_h151,ang20191006t183904-A,924.8644422,ang20191006t183904,/AVIRISNG/Permian2019/ang20191006t183904_r5393_c97_w151_h151,2019-10-06,2019-10-06 18:39:04+00:00,0,0,512,512,train,hard,gs://starcop/Permian/permian_2019_official/ang20191006t183904-A_r5393_c97_ctr.tif,True,"Window(col_off=-180, row_off=-180, width=512, height=512)"
ang20191006t165608_r1510_c75_w151_h151,ang20191006t165608-R,70.86252512,ang20191006t165608,/AVIRISNG/Permian2019/ang20191006t165608_r1510_c75_w151_h151,2019-10-06,2019-10-06 16:56:08+00:00,0,0,512,512,train,hard,gs://starcop/Permian/permian_2019_official/ang20191006t165608-R_r1510_c75_ctr.tif,True,"Window(col_off=-180, row_off=-180, width=512, height=512)"
ang20191017t170330_r5120_c0_w512_h512,,0.0,ang20191017t170330,/AVIRISNG/Permian2019/ang20191017t170330_r5120_c0_w512_h512,2019-10-17,2019-10-17 17:03:30+00:00,0,0,512,512,train,hard,,False,"Window(col_off=0, row_off=0, width=512, height=512)"
ang20190927t170107_r6144_c256_w512_h512,,0.0,ang20190927t170107,/AVIRISNG/Permian2019/ang20190927t170107_r6144_c256_w512_h512,2019-09-27,2019-09-27 17:01:07+00:00,0,0,512,512,train,random,,False,"Window(col_off=0, row_off=0, width=512, height=512)"
ang20190927t154855_r8448_c256_w512_h512,,0.0,ang20190927t154855,/AVIRISNG/Permian2019/ang20190927t154855_r8448_c256_w512_h512,2019-09-27,2019-09-27 15:48:55+00:00,0,0,512,512,train,random,,False,"Window(col_off=0, row_off=0, width=512, height=512)"
ang20190928t181405_r2149_c243_w151_h151,ang20190928t181405-1,443.035536,ang20190928t181405,/AVIRISNG/Permian2019/ang20190928t181405_r2149_c243_w151_h151,2019-09-28,2019-09-28 18:14:05+00:00,0,0,512,512,train,hard,gs://starcop/Permian/permian_2019_official/ang20190928t181405-1_r2149_c243_ctr.tif,True,"Window(col_off=-180, row_off=-180, width=512, height=512)"
ang20190927t162514_r11008_c0_w512_h512,,0.0,ang20190927t162514,/AVIRISNG/Permian2019/ang20190927t162514_r11008_c0_w512_h512,2019-09-27,2019-09-27 16:25:14+00:00,0,0,512,512,train,random,,False,"Window(col_off=0, row_off=0, width=512, height=512)"
ang20191023t154154_r1280_c0_w512_h512,,0.0,ang20191023t154154,/AVIRISNG/Permian2019/ang20191023t154154_r1280_c0_w512_h512,2019-10-23,2019-10-23 15:41:54+00:00,0,0,512,512,train,hard,,False,"Window(col_off=0, row_off=0, width=512, height=512)"
ang20191017t164928_r283_c152_w151_h151,ang20191017t164928-B,212.4071546,ang20191017t164928,/AVIRISNG/Permian2019/ang20191017t164928_r283_c152_w151_h151,2019-10-17,2019-10-17 16:49:28+00:00,0,0,512,512,train,hard,gs://starcop/Permian/permian_2019_official/ang20191017t164928-B_r283_c152_ctr.tif,True,"Window(col_off=-180, row_off=-180, width=512, height=512)"
ang20191019t173905_r1636_c317_w151_h151,ang20191019t173905-2,359.71993,ang20191019t173905,/AVIRISNG/Permian2019/ang20191019t173905_r1636_c317_w151_h151,2019-10-19,2019-10-19 17:39:05+00:00,0,0,512,512,train,hard,gs://starcop/Permian/permian_2019_official/ang20191019t173905-2_r1636_c317_ctr.tif,True,"Window(col_off=-180, row_off=-180, width=512, height=512)"
ang20190926t223557_r8704_c0_w512_h512,,0.0,ang20190926t223557,/AVIRISNG/Permian2019/ang20190926t223557_r8704_c0_w512_h512,2019-09-26,2019-09-26 22:35:57+00:00,0,0,512,512,train,hard,,False,"Window(col_off=0, row_off=0, width=512, height=512)"
ang20191016t152245_r1280_c0_w512_h512,,0.0,ang20191016t152245,/AVIRISNG/Permian2019/ang20191016t152245_r1280_c0_w512_h512,2019-10-16,2019-10-16 15:22:45+00:00,0,0,512,512,train,random,,False,"Window(col_off=0, row_off=0, width=512, height=512)"
ang20191016t163955_r5977_c570_w151_h151,ang20191016t163955-K,327.7153497,ang20191016t163955,/AVIRISNG/Permian2019/ang20191016t163955_r5977_c570_w151_h151,2019-10-16,2019-10-16 16:39:55+00:00,0,0,512,512,train,hard,gs://starcop/Permian/permian_2019_official/ang20191016t163955-K_r5977_c570_ctr.tif,True,"Window(col_off=-180, row_off=-180, width=512, height=512)"
ang20191017t182024_r9728_c0_w512_h512,,0.0,ang20191017t182024,/AVIRISNG/Permian2019/ang20191017t182024_r9728_c0_w512_h512,2019-10-17,2019-10-17 18:20:24+00:00,0,0,512,512,train,random,,False,"Window(col_off=0, row_off=0, width=512, height=512)"
ang20190923t190921_r12288_c256_w512_h512,,0.0,ang20190923t190921,/AVIRISNG/Permian2019/ang20190923t190921_r12288_c256_w512_h512,2019-09-23,2019-09-23 19:09:21+00:00,0,0,512,512,train,hard,,False,"Window(col_off=0, row_off=0, width=512, height=512)"
ang20191006t152009_r2975_c354_w151_h151,ang20191006t152009-C,332.8250119,ang20191006t152009,/AVIRISNG/Permian2019/ang20191006t152009_r2975_c354_w151_h151,2019-10-06,2019-10-06 15:20:09+00:00,0,0,512,512,train,hard,gs://starcop/Permian/permian_2019_official/ang20191006t152009-C_r2975_c354_ctr.tif,True,"Window(col_off=-180, row_off=-180, width=512, height=512)"
ang20191023t180821_r2304_c0_w512_h512,,0.0,ang20191023t180821,/AVIRISNG/Permian2019/ang20191023t180821_r2304_c0_w512_h512,2019-10-23,2019-10-23 18:08:21+00:00,0,0,512,512,train,hard,,False,"Window(col_off=0, row_off=0, width=512, height=512)"
ang20191019t155740_r6736_c262_w151_h151,ang20191019t155740-3,1001.38144,ang20191019t155740,/AVIRISNG/Permian2019/ang20191019t155740_r6736_c262_w151_h151,2019-10-19,2019-10-19 15:57:40+00:00,0,0,512,512,train,easy,gs://starcop/Permian/permian_2019_official/ang20191019t155740-3_r6736_c262_ctr.tif,True,"Window(col_off=-180, row_off=-180, width=512, height=512)"
ang20191007t195115_r1797_c316_w151_h151,ang20191007t195115-3,477.718543,ang20191007t195115,/AVIRISNG/Permian2019/ang20191007t195115_r1797_c316_w151_h151,2019-10-07,2019-10-07 19:51:15+00:00,0,0,512,512,train,hard,gs://starcop/Permian/permian_2019_official/ang20191007t195115-3_r1797_c316_ctr.tif,True,"Window(col_off=-180, row_off=-180, width=512, height=512)"
ang20190923t192543_r11520_c256_w512_h512,,0.0,ang20190923t192543,/AVIRISNG/Permian2019/ang20190923t192543_r11520_c256_w512_h512,2019-09-23,2019-09-23 19:25:43+00:00,0,0,512,512,train,hard,,False,"Window(col_off=0, row_off=0, width=512, height=512)"
ang20190927t171836_r2892_c424_w151_h151,ang20190927t171836-A,209.3345854,ang20190927t171836,/AVIRISNG/Permian2019/ang20190927t171836_r2892_c424_w151_h151,2019-09-27,2019-09-27 17:18:36+00:00,0,0,512,512,train,hard,gs://starcop/Permian/permian_2019_official/ang20190927t171836-A_r2892_c424_ctr.tif,True,"Window(col_off=-180, row_off=-180, width=512, height=512)"
ang20191007t180411_r2304_c0_w512_h512,,0.0,ang20191007t180411,/AVIRISNG/Permian2019/ang20191007t180411_r2304_c0_w512_h512,2019-10-07,2019-10-07 18:04:11+00:00,0,0,512,512,train,random,,False,"Window(col_off=0, row_off=0, width=512, height=512)"
ang20191013t152730_r7630_c346_w151_h151,ang20191013t152730-13,221.783258,ang20191013t152730,/AVIRISNG/Permian2019/ang20191013t152730_r7630_c346_w151_h151,2019-10-13,2019-10-13 15:27:30+00:00,0,0,512,512,train,hard,gs://starcop/Permian/permian_2019_official/ang20191013t152730-13_r7630_c346_ctr.tif,True,"Window(col_off=-180, row_off=-180, width=512, height=512)"
ang20191017t185057_r7015_c267_w151_h151,ang20191017t185057-E,304.373856,ang20191017t185057,/AVIRISNG/Permian2019/ang20191017t185057_r7015_c267_w151_h151,2019-10-17,2019-10-17 18:50:57+00:00,0,0,512,512,train,hard,gs://starcop/Permian/permian_2019_official/ang20191017t185057-E_r7015_c267_ctr.tif,True,"Window(col_off=-180, row_off=-180, width=512, height=512)"
ang20191023t194035_r453_c807_w151_h151,ang20191023t194035-3,554.133585,ang20191023t194035,/AVIRISNG/Permian2019/ang20191023t194035_r453_c807_w151_h151,2019-10-23,2019-10-23 19:40:35+00:00,0,0,512,512,train,hard,gs://starcop/Permian/permian_2019_official/ang20191023t194035-3_r453_c807_ctr.tif,True,"Window(col_off=-180, row_off=-180, width=512, height=512)"
ang20191006t172739_r5800_c429_w151_h151,ang20191006t172739-F,142.8022206,ang20191006t172739,/AVIRISNG/Permian2019/ang20191006t172739_r5800_c429_w151_h151,2019-10-06,2019-10-06 17:27:39+00:00,0,0,512,512,train,hard,gs://starcop/Permian/permian_2019_official/ang20191006t172739-F_r5800_c429_ctr.tif,True,"Window(col_off=-180, row_off=-180, width=512, height=512)"
ang20190923t195907_r7563_c6_w151_h151,ang20190923t195907-A,238.3817356,ang20190923t195907,/AVIRISNG/Permian2019/ang20190923t195907_r7563_c6_w151_h151,2019-09-23,2019-09-23 19:59:07+00:00,0,0,512,512,train,hard,gs://starcop/Permian/permian_2019_official/ang20190923t195907-A_r7563_c6_ctr.tif,True,"Window(col_off=-180, row_off=-180, width=512, height=512)"
ang20191013t151222_r9216_c0_w512_h512,,0.0,ang20191013t151222,/AVIRISNG/Permian2019/ang20191013t151222_r9216_c0_w512_h512,2019-10-13,2019-10-13 15:12:22+00:00,0,0,512,512,train,random,,False,"Window(col_off=0, row_off=0, width=512, height=512)"
ang20191010t185941_r5120_c0_w512_h512,,0.0,ang20191010t185941,/AVIRISNG/Permian2019/ang20191010t185941_r5120_c0_w512_h512,2019-10-10,2019-10-10 18:59:41+00:00,0,0,512,512,train,random,,False,"Window(col_off=0, row_off=0, width=512, height=512)"
ang20191017t152518_r1992_c496_w151_h151,ang20191017t152518-B,285.9166194,ang20191017t152518,/AVIRISNG/Permian2019/ang20191017t152518_r1992_c496_w151_h151,2019-10-17,2019-10-17 15:25:18+00:00,0,0,512,512,train,hard,gs://starcop/Permian/permian_2019_official/ang20191017t152518-B_r1992_c496_ctr.tif,True,"Window(col_off=-180, row_off=-180, width=512, height=512)"
ang20191017t183448_r5698_c240_w151_h151,ang20191017t183448-C,315.0643204,ang20191017t183448,/AVIRISNG/Permian2019/ang20191017t183448_r5698_c240_w151_h151,2019-10-17,2019-10-17 18:34:48+00:00,0,0,512,512,train,hard,gs://starcop/Permian/permian_2019_official/ang20191017t183448-C_r5698_c240_ctr.tif,True,"Window(col_off=-180, row_off=-180, width=512, height=512)"
ang20191010t193818_r2146_c142_w151_h151,ang20191010t193818-1,2336.09494,ang20191010t193818,/AVIRISNG/Permian2019/ang20191010t193818_r2146_c142_w151_h151,2019-10-10,2019-10-10 19:38:18+00:00,0,0,512,512,train,easy,gs://starcop/Permian/permian_2019_official/ang20191010t193818-1_r2146_c142_ctr.tif,True,"Window(col_off=-180, row_off=-180, width=512, height=512)"
ang20191017t144928_r8839_c75_w151_h151,ang20191017t144928-12,482.097677,ang20191017t144928,/AVIRISNG/Permian2019/ang20191017t144928_r8839_c75_w151_h151,2019-10-17,2019-10-17 14:49:28+00:00,0,0,512,512,train,hard,gs://starcop/Permian/permian_2019_official/ang20191017t144928-12_r8839_c75_ctr.tif,True,"Window(col_off=-180, row_off=-180, width=512, height=512)"
ang20191005t210402_r13056_c0_w512_h512,,0.0,ang20191005t210402,/AVIRISNG/Permian2019/ang20191005t210402_r13056_c0_w512_h512,2019-10-05,2019-10-05 21:04:02+00:00,0,0,512,512,train,random,,False,"Window(col_off=0, row_off=0, width=512, height=512)"
ang20191006t174505_r1280_c0_w512_h512,,0.0,ang20191006t174505,/AVIRISNG/Permian2019/ang20191006t174505_r1280_c0_w512_h512,2019-10-06,2019-10-06 17:45:05+00:00,0,0,512,512,train,random,,False,"Window(col_off=0, row_off=0, width=512, height=512)"
ang20191022t190019_r4352_c0_w512_h512,,0.0,ang20191022t190019,/AVIRISNG/Permian2019/ang20191022t190019_r4352_c0_w512_h512,2019-10-22,2019-10-22 19:00:19+00:00,0,0,512,512,train,hard,,False,"Window(col_off=0, row_off=0, width=512, height=512)"
ang20191017t182024_r7936_c0_w512_h512,,0.0,ang20191017t182024,/AVIRISNG/Permian2019/ang20191017t182024_r7936_c0_w512_h512,2019-10-17,2019-10-17 18:20:24+00:00,0,0,512,512,train,random,,False,"Window(col_off=0, row_off=0, width=512, height=512)"
ang20191023t175603_r7168_c0_w512_h512,,0.0,ang20191023t175603,/AVIRISNG/Permian2019/ang20191023t175603_r7168_c0_w512_h512,2019-10-23,2019-10-23 17:56:03+00:00,0,0,512,512,train,hard,,False,"Window(col_off=0, row_off=0, width=512, height=512)"
ang20190928t185111_r1236_c350_w151_h151,ang20190928t185111-C,423.3571014,ang20190928t185111,/AVIRISNG/Permian2019/ang20190928t185111_r1236_c350_w151_h151,2019-09-28,2019-09-28 18:51:11+00:00,0,0,512,512,train,hard,gs://starcop/Permian/permian_2019_official/ang20190928t185111-C_r1236_c350_ctr.tif,True,"Window(col_off=-180, row_off=-180, width=512, height=512)"
ang20191016t175642_r3709_c249_w151_h151,ang20191016t175642-1,2074.9596,ang20191016t175642,/AVIRISNG/Permian2019/ang20191016t175642_r3709_c249_w151_h151,2019-10-16,2019-10-16 17:56:42+00:00,0,0,512,512,train,easy,gs://starcop/Permian/permian_2019_official/ang20191016t175642-1_r3709_c249_ctr.tif,True,"Window(col_off=-180, row_off=-180, width=512, height=512)"
ang20190927t194104_r1024_c0_w512_h512,,0.0,ang20190927t194104,/AVIRISNG/Permian2019/ang20190927t194104_r1024_c0_w512_h512,2019-09-27,2019-09-27 19:41:04+00:00,0,0,512,512,train,random,,False,"Window(col_off=0, row_off=0, width=512, height=512)"
ang20191016t153826_r5359_c360_w151_h151,ang20191016t153826-G,464.4373251,ang20191016t153826,/AVIRISNG/Permian2019/ang20191016t153826_r5359_c360_w151_h151,2019-10-16,2019-10-16 15:38:26+00:00,0,0,512,512,train,hard,gs://starcop/Permian/permian_2019_official/ang20191016t153826-G_r5359_c360_ctr.tif,True,"Window(col_off=-180, row_off=-180, width=512, height=512)"
ang20190926t180335_r5137_c294_w151_h151,ang20190926t180335-5,1972.8963,ang20190926t180335,/AVIRISNG/Permian2019/ang20190926t180335_r5137_c294_w151_h151,2019-09-26,2019-09-26 18:03:35+00:00,0,0,512,512,train,easy,gs://starcop/Permian/permian_2019_official/ang20190926t180335-5_r5137_c294_ctr.tif,True,"Window(col_off=-180, row_off=-180, width=512, height=512)"
ang20191013t154421_r4352_c256_w512_h512,,0.0,ang20191013t154421,/AVIRISNG/Permian2019/ang20191013t154421_r4352_c256_w512_h512,2019-10-13,2019-10-13 15:44:21+00:00,0,0,512,512,train,hard,,False,"Window(col_off=0, row_off=0, width=512, height=512)"
ang20191013t164602_r10496_c0_w512_h512,,0.0,ang20191013t164602,/AVIRISNG/Permian2019/ang20191013t164602_r10496_c0_w512_h512,2019-10-13,2019-10-13 16:46:02+00:00,0,0,512,512,train,random,,False,"Window(col_off=0, row_off=0, width=512, height=512)"
ang20191011t182731_r1443_c388_w151_h151,ang20191011t182731-E,353.2959381,ang20191011t182731,/AVIRISNG/Permian2019/ang20191011t182731_r1443_c388_w151_h151,2019-10-11,2019-10-11 18:27:31+00:00,0,0,512,512,train,hard,gs://starcop/Permian/permian_2019_official/ang20191011t182731-E_r1443_c388_ctr.tif,True,"Window(col_off=-180, row_off=-180, width=512, height=512)"
ang20191008t194115_r6913_c529_w151_h151,ang20191008t194115-B,248.2805633,ang20191008t194115,/AVIRISNG/Permian2019/ang20191008t194115_r6913_c529_w151_h151,2019-10-08,2019-10-08 19:41:15+00:00,0,0,512,512,train,hard,gs://starcop/Permian/permian_2019_official/ang20191008t194115-B_r6913_c529_ctr.tif,True,"Window(col_off=-180, row_off=-180, width=512, height=512)"
ang20190927t173620_r12544_c256_w512_h512,,0.0,ang20190927t173620,/AVIRISNG/Permian2019/ang20190927t173620_r12544_c256_w512_h512,2019-09-27,2019-09-27 17:36:20+00:00,0,0,512,512,train,random,,False,"Window(col_off=0, row_off=0, width=512, height=512)"
ang20191007t195115_r1971_c521_w151_h151,ang20191007t195115-C,228.8129985,ang20191007t195115,/AVIRISNG/Permian2019/ang20191007t195115_r1971_c521_w151_h151,2019-10-07,2019-10-07 19:51:15+00:00,0,0,512,512,train,hard,gs://starcop/Permian/permian_2019_official/ang20191007t195115-C_r1971_c521_ctr.tif,True,"Window(col_off=-180, row_off=-180, width=512, height=512)"
ang20191007t185303_r9984_c0_w512_h512,,0.0,ang20191007t185303,/AVIRISNG/Permian2019/ang20191007t185303_r9984_c0_w512_h512,2019-10-07,2019-10-07 18:53:03+00:00,0,0,512,512,train,random,,False,"Window(col_off=0, row_off=0, width=512, height=512)"
ang20191017t180347_r0_c0_w512_h512,,0.0,ang20191017t180347,/AVIRISNG/Permian2019/ang20191017t180347_r0_c0_w512_h512,2019-10-17,2019-10-17 18:03:47+00:00,0,0,512,512,train,hard,,False,"Window(col_off=0, row_off=0, width=512, height=512)"
ang20191006t153731_r4626_c267_w151_h151,ang20191006t153731-A,192.1692028,ang20191006t153731,/AVIRISNG/Permian2019/ang20191006t153731_r4626_c267_w151_h151,2019-10-06,2019-10-06 15:37:31+00:00,0,0,512,512,train,hard,gs://starcop/Permian/permian_2019_official/ang20191006t153731-A_r4626_c267_ctr.tif,True,"Window(col_off=-180, row_off=-180, width=512, height=512)"
ang20191011t165345_r0_c0_w512_h512,,0.0,ang20191011t165345,/AVIRISNG/Permian2019/ang20191011t165345_r0_c0_w512_h512,2019-10-11,2019-10-11 16:53:45+00:00,0,0,512,512,train,hard,,False,"Window(col_off=0, row_off=0, width=512, height=512)"
ang20191019t172500_r9216_c256_w512_h512,,0.0,ang20191019t172500,/AVIRISNG/Permian2019/ang20191019t172500_r9216_c256_w512_h512,2019-10-19,2019-10-19 17:25:00+00:00,0,0,512,512,train,random,,False,"Window(col_off=0, row_off=0, width=512, height=512)"
ang20190927t190436_r8004_c498_w151_h151,ang20190927t190436-B,231.3270528,ang20190927t190436,/AVIRISNG/Permian2019/ang20190927t190436_r8004_c498_w151_h151,2019-09-27,2019-09-27 19:04:36+00:00,0,0,512,512,train,hard,gs://starcop/Permian/permian_2019_official/ang20190927t190436-B_r8004_c498_ctr.tif,True,"Window(col_off=-180, row_off=-180, width=512, height=512)"
ang20190927t154855_r7168_c256_w512_h512,,0.0,ang20190927t154855,/AVIRISNG/Permian2019/ang20190927t154855_r7168_c256_w512_h512,2019-09-27,2019-09-27 15:48:55+00:00,0,0,512,512,train,hard,,False,"Window(col_off=0, row_off=0, width=512, height=512)"
ang20190923t174142_r7604_c458_w151_h151,ang20190923t174142-14,375.447796,ang20190923t174142,/AVIRISNG/Permian2019/ang20190923t174142_r7604_c458_w151_h151,2019-09-23,2019-09-23 17:41:42+00:00,0,0,512,512,train,hard,gs://starcop/Permian/permian_2019_official/ang20190923t174142-14_r7604_c458_ctr.tif,True,"Window(col_off=-180, row_off=-180, width=512, height=512)"
ang20191006t153731_r6144_c0_w512_h512,,0.0,ang20191006t153731,/AVIRISNG/Permian2019/ang20191006t153731_r6144_c0_w512_h512,2019-10-06,2019-10-06 15:37:31+00:00,0,0,512,512,train,hard,,False,"Window(col_off=0, row_off=0, width=512, height=512)"
ang20191011t152413_r8823_c513_w151_h151,ang20191011t152413-2,2845.3943,ang20191011t152413,/AVIRISNG/Permian2019/ang20191011t152413_r8823_c513_w151_h151,2019-10-11,2019-10-11 15:24:13+00:00,0,0,512,512,train,easy,gs://starcop/Permian/permian_2019_official/ang20191011t152413-2_r8823_c513_ctr.tif,True,"Window(col_off=-180, row_off=-180, width=512, height=512)"
ang20191010t174755_r13056_c512_w512_h512,,0.0,ang20191010t174755,/AVIRISNG/Permian2019/ang20191010t174755_r13056_c512_w512_h512,2019-10-10,2019-10-10 17:47:55+00:00,0,0,512,512,train,random,,False,"Window(col_off=0, row_off=0, width=512, height=512)"
ang20191006t183904_r6303_c119_w151_h151,ang20191006t183904-3,751.824738,ang20191006t183904,/AVIRISNG/Permian2019/ang20191006t183904_r6303_c119_w151_h151,2019-10-06,2019-10-06 18:39:04+00:00,0,0,512,512,train,hard,gs://starcop/Permian/permian_2019_official/ang20191006t183904-3_r6303_c119_ctr.tif,True,"Window(col_off=-180, row_off=-180, width=512, height=512)"
ang20191023t165811_r2770_c365_w151_h151,ang20191023t165811-G,181.4384451,ang20191023t165811,/AVIRISNG/Permian2019/ang20191023t165811_r2770_c365_w151_h151,2019-10-23,2019-10-23 16:58:11+00:00,0,0,512,512,train,hard,gs://starcop/Permian/permian_2019_official/ang20191023t165811-G_r2770_c365_ctr.tif,True,"Window(col_off=-180, row_off=-180, width=512, height=512)"
ang20190926t193117_r7793_c333_w151_h151,ang20190926t193117-3,849.764108,ang20190926t193117,/AVIRISNG/Permian2019/ang20190926t193117_r7793_c333_w151_h151,2019-09-26,2019-09-26 19:31:17+00:00,0,0,512,512,train,hard,gs://starcop/Permian/permian_2019_official/ang20190926t193117-3_r7793_c333_ctr.tif,True,"Window(col_off=-180, row_off=-180, width=512, height=512)"
ang20191007t195115_r11314_c112_w151_h151,ang20191007t195115-G,138.2006666,ang20191007t195115,/AVIRISNG/Permian2019/ang20191007t195115_r11314_c112_w151_h151,2019-10-07,2019-10-07 19:51:15+00:00,0,0,512,512,train,hard,gs://starcop/Permian/permian_2019_official/ang20191007t195115-G_r11314_c112_ctr.tif,True,"Window(col_off=-180, row_off=-180, width=512, height=512)"
ang20191017t160033_r8448_c256_w512_h512,,0.0,ang20191017t160033,/AVIRISNG/Permian2019/ang20191017t160033_r8448_c256_w512_h512,2019-10-17,2019-10-17 16:00:33+00:00,0,0,512,512,train,hard,,False,"Window(col_off=0, row_off=0, width=512, height=512)"
ang20191011t182731_r2914_c320_w151_h151,ang20191011t182731-F,423.1430225,ang20191011t182731,/AVIRISNG/Permian2019/ang20191011t182731_r2914_c320_w151_h151,2019-10-11,2019-10-11 18:27:31+00:00,0,0,512,512,train,hard,gs://starcop/Permian/permian_2019_official/ang20191011t182731-F_r2914_c320_ctr.tif,True,"Window(col_off=-180, row_off=-180, width=512, height=512)"
ang20191010t152203_r8448_c0_w512_h512,,0.0,ang20191010t152203,/AVIRISNG/Permian2019/ang20191010t152203_r8448_c0_w512_h512,2019-10-10,2019-10-10 15:22:03+00:00,0,0,512,512,train,hard,,False,"Window(col_off=0, row_off=0, width=512, height=512)"
ang20191017t180347_r5504_c0_w151_h151,ang20191017t180347-C,119.9878109,ang20191017t180347,/AVIRISNG/Permian2019/ang20191017t180347_r5504_c0_w151_h151,2019-10-17,2019-10-17 18:03:47+00:00,0,0,512,512,train,hard,gs://starcop/Permian/permian_2019_official/ang20191017t180347-C_r5504_c0_ctr.tif,True,"Window(col_off=-180, row_off=-180, width=512, height=512)"
ang20191006t172739_r10496_c0_w512_h512,,0.0,ang20191006t172739,/AVIRISNG/Permian2019/ang20191006t172739_r10496_c0_w512_h512,2019-10-06,2019-10-06 17:27:39+00:00,0,0,512,512,train,random,,False,"Window(col_off=0, row_off=0, width=512, height=512)"
ang20191017t152518_r13050_c28_w151_h151,ang20191017t152518-7,730.583905,ang20191017t152518,/AVIRISNG/Permian2019/ang20191017t152518_r13050_c28_w151_h151,2019-10-17,2019-10-17 15:25:18+00:00,0,0,512,512,train,hard,gs://starcop/Permian/permian_2019_official/ang20191017t152518-7_r13050_c28_ctr.tif,True,"Window(col_off=-180, row_off=-180, width=512, height=512)"
ang20191005t221554_r15616_c0_w512_h512,,0.0,ang20191005t221554,/AVIRISNG/Permian2019/ang20191005t221554_r15616_c0_w512_h512,2019-10-05,2019-10-05 22:15:54+00:00,0,0,512,512,train,random,,False,"Window(col_off=0, row_off=0, width=512, height=512)"
ang20191006t152009_r9984_c0_w512_h512,,0.0,ang20191006t152009,/AVIRISNG/Permian2019/ang20191006t152009_r9984_c0_w512_h512,2019-10-06,2019-10-06 15:20:09+00:00,0,0,512,512,train,random,,False,"Window(col_off=0, row_off=0, width=512, height=512)"
ang20191022t190019_r6904_c397_w151_h151,ang20191022t190019-4,1216.22649,ang20191022t190019,/AVIRISNG/Permian2019/ang20191022t190019_r6904_c397_w151_h151,2019-10-22,2019-10-22 19:00:19+00:00,0,0,512,512,train,easy,gs://starcop/Permian/permian_2019_official/ang20191022t190019-4_r6904_c397_ctr.tif,True,"Window(col_off=-180, row_off=-180, width=512, height=512)"
ang20191013t192848_r7680_c256_w512_h512,,0.0,ang20191013t192848,/AVIRISNG/Permian2019/ang20191013t192848_r7680_c256_w512_h512,2019-10-13,2019-10-13 19:28:48+00:00,0,0,512,512,train,random,,False,"Window(col_off=0, row_off=0, width=512, height=512)"
ang20191023t175603_r3328_c0_w512_h512,,0.0,ang20191023t175603,/AVIRISNG/Permian2019/ang20191023t175603_r3328_c0_w512_h512,2019-10-23,2019-10-23 17:56:03+00:00,0,0,512,512,train,random,,False,"Window(col_off=0, row_off=0, width=512, height=512)"
ang20191007t184008_r10222_c448_w151_h151,ang20191007t184008-H,401.556236,ang20191007t184008,/AVIRISNG/Permian2019/ang20191007t184008_r10222_c448_w151_h151,2019-10-07,2019-10-07 18:40:08+00:00,0,0,512,512,train,hard,gs://starcop/Permian/permian_2019_official/ang20191007t184008-H_r10222_c448_ctr.tif,True,"Window(col_off=-180, row_off=-180, width=512, height=512)"
ang20191023t193139_r4864_c0_w512_h512,,0.0,ang20191023t193139,/AVIRISNG/Permian2019/ang20191023t193139_r4864_c0_w512_h512,2019-10-23,2019-10-23 19:31:39+00:00,0,0,512,512,train,hard,,False,"Window(col_off=0, row_off=0, width=512, height=512)"
ang20191008t153517_r13312_c0_w512_h512,,0.0,ang20191008t153517,/AVIRISNG/Permian2019/ang20191008t153517_r13312_c0_w512_h512,2019-10-08,2019-10-08 15:35:17+00:00,0,0,512,512,train,random,,False,"Window(col_off=0, row_off=0, width=512, height=512)"
ang20191017t191119_r9728_c0_w512_h512,,0.0,ang20191017t191119,/AVIRISNG/Permian2019/ang20191017t191119_r9728_c0_w512_h512,2019-10-17,2019-10-17 19:11:19+00:00,0,0,512,512,train,hard,,False,"Window(col_off=0, row_off=0, width=512, height=512)"
ang20191019t175004_r1812_c345_w151_h151,ang20191019t175004-A,98.06160645,ang20191019t175004,/AVIRISNG/Permian2019/ang20191019t175004_r1812_c345_w151_h151,2019-10-19,2019-10-19 17:50:04+00:00,0,0,512,512,train,hard,gs://starcop/Permian/permian_2019_official/ang20191019t175004-A_r1812_c345_ctr.tif,True,"Window(col_off=-180, row_off=-180, width=512, height=512)"
ang20191023t152801_r9013_c303_w151_h151,ang20191023t152801-5,2070.15847,ang20191023t152801,/AVIRISNG/Permian2019/ang20191023t152801_r9013_c303_w151_h151,2019-10-23,2019-10-23 15:28:01+00:00,0,0,512,512,train,easy,gs://starcop/Permian/permian_2019_official/ang20191023t152801-5_r9013_c303_ctr.tif,True,"Window(col_off=-180, row_off=-180, width=512, height=512)"
ang20190923t181729_r3963_c475_w151_h151,ang20190923t181729-D,97.48068317,ang20190923t181729,/AVIRISNG/Permian2019/ang20190923t181729_r3963_c475_w151_h151,2019-09-23,2019-09-23 18:17:29+00:00,0,0,512,512,train,hard,gs://starcop/Permian/permian_2019_official/ang20190923t181729-D_r3963_c475_ctr.tif,True,"Window(col_off=-180, row_off=-180, width=512, height=512)"
ang20190923t185208_r768_c0_w512_h512,,0.0,ang20190923t185208,/AVIRISNG/Permian2019/ang20190923t185208_r768_c0_w512_h512,2019-09-23,2019-09-23 18:52:08+00:00,0,0,512,512,train,hard,,False,"Window(col_off=0, row_off=0, width=512, height=512)"
ang20191019t160518_r7168_c0_w512_h512,,0.0,ang20191019t160518,/AVIRISNG/Permian2019/ang20191019t160518_r7168_c0_w512_h512,2019-10-19,2019-10-19 16:05:18+00:00,0,0,512,512,train,random,,False,"Window(col_off=0, row_off=0, width=512, height=512)"
ang20191022t184525_r1594_c62_w151_h151,ang20191022t184525-2,469.963609,ang20191022t184525,/AVIRISNG/Permian2019/ang20191022t184525_r1594_c62_w151_h151,2019-10-22,2019-10-22 18:45:25+00:00,0,0,512,512,train,hard,gs://starcop/Permian/permian_2019_official/ang20191022t184525-2_r1594_c62_ctr.tif,True,"Window(col_off=-180, row_off=-180, width=512, height=512)"
ang20191011t182731_r9984_c256_w512_h512,,0.0,ang20191011t182731,/AVIRISNG/Permian2019/ang20191011t182731_r9984_c256_w512_h512,2019-10-11,2019-10-11 18:27:31+00:00,0,0,512,512,train,hard,,False,"Window(col_off=0, row_off=0, width=512, height=512)"
ang20191016t174016_r1345_c311_w151_h151,ang20191016t174016-1,605.87246,ang20191016t174016,/AVIRISNG/Permian2019/ang20191016t174016_r1345_c311_w151_h151,2019-10-16,2019-10-16 17:40:16+00:00,0,0,512,512,train,hard,gs://starcop/Permian/permian_2019_official/ang20191016t174016-1_r1345_c311_ctr.tif,True,"Window(col_off=-180, row_off=-180, width=512, height=512)"
ang20191023t152801_r3840_c0_w512_h512,,0.0,ang20191023t152801,/AVIRISNG/Permian2019/ang20191023t152801_r3840_c0_w512_h512,2019-10-23,2019-10-23 15:28:01+00:00,0,0,512,512,train,random,,False,"Window(col_off=0, row_off=0, width=512, height=512)"
ang20191023t142135_r14457_c557_w151_h151,ang20191023t142135-A,381.966462,ang20191023t142135,/AVIRISNG/Permian2019/ang20191023t142135_r14457_c557_w151_h151,2019-10-23,2019-10-23 14:21:35+00:00,0,0,512,512,train,hard,gs://starcop/Permian/permian_2019_official/ang20191023t142135-A_r14457_c557_ctr.tif,True,"Window(col_off=-180, row_off=-180, width=512, height=512)"
ang20191016t172526_r3581_c275_w151_h151,ang20191016t172526-C,342.7056322,ang20191016t172526,/AVIRISNG/Permian2019/ang20191016t172526_r3581_c275_w151_h151,2019-10-16,2019-10-16 17:25:26+00:00,0,0,512,512,train,hard,gs://starcop/Permian/permian_2019_official/ang20191016t172526-C_r3581_c275_ctr.tif,True,"Window(col_off=-180, row_off=-180, width=512, height=512)"
ang20190926t171159_r0_c0_w512_h512,,0.0,ang20190926t171159,/AVIRISNG/Permian2019/ang20190926t171159_r0_c0_w512_h512,2019-09-26,2019-09-26 17:11:59+00:00,0,0,512,512,train,hard,,False,"Window(col_off=0, row_off=0, width=512, height=512)"
ang20191016t181351_r3840_c0_w512_h512,,0.0,ang20191016t181351,/AVIRISNG/Permian2019/ang20191016t181351_r3840_c0_w512_h512,2019-10-16,2019-10-16 18:13:51+00:00,0,0,512,512,train,hard,,False,"Window(col_off=0, row_off=0, width=512, height=512)"
ang20191016t150743_r8540_c205_w151_h151,ang20191016t150743-5,708.761166,ang20191016t150743,/AVIRISNG/Permian2019/ang20191016t150743_r8540_c205_w151_h151,2019-10-16,2019-10-16 15:07:43+00:00,0,0,512,512,train,hard,gs://starcop/Permian/permian_2019_official/ang20191016t150743-5_r8540_c205_ctr.tif,True,"Window(col_off=-180, row_off=-180, width=512, height=512)"
ang20191007t200647_r4678_c402_w151_h151,ang20191007t200647-3,224.434651,ang20191007t200647,/AVIRISNG/Permian2019/ang20191007t200647_r4678_c402_w151_h151,2019-10-07,2019-10-07 20:06:47+00:00,0,0,512,512,train,hard,gs://starcop/Permian/permian_2019_official/ang20191007t200647-3_r4678_c402_ctr.tif,True,"Window(col_off=-180, row_off=-180, width=512, height=512)"
ang20190926t213844_r5632_c256_w512_h512,,0.0,ang20190926t213844,/AVIRISNG/Permian2019/ang20190926t213844_r5632_c256_w512_h512,2019-09-26,2019-09-26 21:38:44+00:00,0,0,512,512,train,random,,False,"Window(col_off=0, row_off=0, width=512, height=512)"
ang20191011t185825_r4352_c0_w512_h512,,0.0,ang20191011t185825,/AVIRISNG/Permian2019/ang20191011t185825_r4352_c0_w512_h512,2019-10-11,2019-10-11 18:58:25+00:00,0,0,512,512,train,hard,,False,"Window(col_off=0, row_off=0, width=512, height=512)"
ang20191016t163955_r2757_c278_w151_h151,ang20191016t163955-2,230.855329,ang20191016t163955,/AVIRISNG/Permian2019/ang20191016t163955_r2757_c278_w151_h151,2019-10-16,2019-10-16 16:39:55+00:00,0,0,512,512,train,hard,gs://starcop/Permian/permian_2019_official/ang20191016t163955-2_r2757_c278_ctr.tif,True,"Window(col_off=-180, row_off=-180, width=512, height=512)"
ang20190923t174142_r13784_c155_w151_h151,ang20190923t174142-C,667.1255234,ang20190923t174142,/AVIRISNG/Permian2019/ang20190923t174142_r13784_c155_w151_h151,2019-09-23,2019-09-23 17:41:42+00:00,0,0,512,512,train,hard,gs://starcop/Permian/permian_2019_official/ang20190923t174142-C_r13784_c155_ctr.tif,True,"Window(col_off=-180, row_off=-180, width=512, height=512)"
ang20191016t165454_r9472_c256_w512_h512,,0.0,ang20191016t165454,/AVIRISNG/Permian2019/ang20191016t165454_r9472_c256_w512_h512,2019-10-16,2019-10-16 16:54:54+00:00,0,0,512,512,train,random,,False,"Window(col_off=0, row_off=0, width=512, height=512)"
ang20191017t150903_r8459_c83_w151_h151,ang20191017t150903-4,600.221575,ang20191017t150903,/AVIRISNG/Permian2019/ang20191017t150903_r8459_c83_w151_h151,2019-10-17,2019-10-17 15:09:03+00:00,0,0,512,512,train,hard,gs://starcop/Permian/permian_2019_official/ang20191017t150903-4_r8459_c83_ctr.tif,True,"Window(col_off=-180, row_off=-180, width=512, height=512)"
ang20191017t154425_r7934_c553_w151_h151,ang20191017t154425-D,431.9093677,ang20191017t154425,/AVIRISNG/Permian2019/ang20191017t154425_r7934_c553_w151_h151,2019-10-17,2019-10-17 15:44:25+00:00,0,0,512,512,train,hard,gs://starcop/Permian/permian_2019_official/ang20191017t154425-D_r7934_c553_ctr.tif,True,"Window(col_off=-180, row_off=-180, width=512, height=512)"
ang20191010t195717_r2304_c256_w512_h512,,0.0,ang20191010t195717,/AVIRISNG/Permian2019/ang20191010t195717_r2304_c256_w512_h512,2019-10-10,2019-10-10 19:57:17+00:00,0,0,512,512,train,random,,False,"Window(col_off=0, row_off=0, width=512, height=512)"
ang20191019t153454_r1024_c0_w512_h512,,0.0,ang20191019t153454,/AVIRISNG/Permian2019/ang20191019t153454_r1024_c0_w512_h512,2019-10-19,2019-10-19 15:34:54+00:00,0,0,512,512,train,random,,False,"Window(col_off=0, row_off=0, width=512, height=512)"
ang20191016t174016_r3840_c0_w512_h512,,0.0,ang20191016t174016,/AVIRISNG/Permian2019/ang20191016t174016_r3840_c0_w512_h512,2019-10-16,2019-10-16 17:40:16+00:00,0,0,512,512,train,hard,,False,"Window(col_off=0, row_off=0, width=512, height=512)"
ang20191016t162417_r6400_c0_w512_h512,,0.0,ang20191016t162417,/AVIRISNG/Permian2019/ang20191016t162417_r6400_c0_w512_h512,2019-10-16,2019-10-16 16:24:17+00:00,0,0,512,512,train,random,,False,"Window(col_off=0, row_off=0, width=512, height=512)"
ang20191023t164221_r10290_c281_w151_h151,ang20191023t164221-7,182.278847,ang20191023t164221,/AVIRISNG/Permian2019/ang20191023t164221_r10290_c281_w151_h151,2019-10-23,2019-10-23 16:42:21+00:00,0,0,512,512,train,hard,gs://starcop/Permian/permian_2019_official/ang20191023t164221-7_r10290_c281_ctr.tif,True,"Window(col_off=-180, row_off=-180, width=512, height=512)"
ang20191011t172641_r290_c384_w151_h151,ang20191011t172641-D,647.3503497,ang20191011t172641,/AVIRISNG/Permian2019/ang20191011t172641_r290_c384_w151_h151,2019-10-11,2019-10-11 17:26:41+00:00,0,0,512,512,train,hard,gs://starcop/Permian/permian_2019_official/ang20191011t172641-D_r290_c384_ctr.tif,True,"Window(col_off=-180, row_off=-180, width=512, height=512)"
ang20190927t173620_r9216_c256_w512_h512,,0.0,ang20190927t173620,/AVIRISNG/Permian2019/ang20190927t173620_r9216_c256_w512_h512,2019-09-27,2019-09-27 17:36:20+00:00,0,0,512,512,train,hard,,False,"Window(col_off=0, row_off=0, width=512, height=512)"
ang20191023t174017_r1024_c0_w512_h512,,0.0,ang20191023t174017,/AVIRISNG/Permian2019/ang20191023t174017_r1024_c0_w512_h512,2019-10-23,2019-10-23 17:40:17+00:00,0,0,512,512,train,random,,False,"Window(col_off=0, row_off=0, width=512, height=512)"
ang20191012t155942_r2048_c0_w512_h512,,0.0,ang20191012t155942,/AVIRISNG/Permian2019/ang20191012t155942_r2048_c0_w512_h512,2019-10-12,2019-10-12 15:59:42+00:00,0,0,512,512,train,hard,,False,"Window(col_off=0, row_off=0, width=512, height=512)"
ang20191010t195717_r1411_c400_w151_h151,ang20191010t195717-A,500.0758654,ang20191010t195717,/AVIRISNG/Permian2019/ang20191010t195717_r1411_c400_w151_h151,2019-10-10,2019-10-10 19:57:17+00:00,0,0,512,512,train,hard,gs://starcop/Permian/permian_2019_official/ang20191010t195717-A_r1411_c400_ctr.tif,True,"Window(col_off=-180, row_off=-180, width=512, height=512)"
ang20191011t191345_r0_c0_w512_h512,,0.0,ang20191011t191345,/AVIRISNG/Permian2019/ang20191011t191345_r0_c0_w512_h512,2019-10-11,2019-10-11 19:13:45+00:00,0,0,512,512,train,hard,,False,"Window(col_off=0, row_off=0, width=512, height=512)"
ang20190926t171159_r11264_c256_w512_h512,,0.0,ang20190926t171159,/AVIRISNG/Permian2019/ang20190926t171159_r11264_c256_w512_h512,2019-09-26,2019-09-26 17:11:59+00:00,0,0,512,512,train,random,,False,"Window(col_off=0, row_off=0, width=512, height=512)"
ang20191007t195115_r10270_c37_w151_h151,ang20191007t195115-5,900.080639,ang20191007t195115,/AVIRISNG/Permian2019/ang20191007t195115_r10270_c37_w151_h151,2019-10-07,2019-10-07 19:51:15+00:00,0,0,512,512,train,hard,gs://starcop/Permian/permian_2019_official/ang20191007t195115-5_r10270_c37_ctr.tif,True,"Window(col_off=-180, row_off=-180, width=512, height=512)"
ang20190927t192237_r8960_c0_w512_h512,,0.0,ang20190927t192237,/AVIRISNG/Permian2019/ang20190927t192237_r8960_c0_w512_h512,2019-09-27,2019-09-27 19:22:37+00:00,0,0,512,512,train,hard,,False,"Window(col_off=0, row_off=0, width=512, height=512)"
ang20191006t165608_r6210_c355_w151_h151,ang20191006t165608-G,96.13240776,ang20191006t165608,/AVIRISNG/Permian2019/ang20191006t165608_r6210_c355_w151_h151,2019-10-06,2019-10-06 16:56:08+00:00,0,0,512,512,train,hard,gs://starcop/Permian/permian_2019_official/ang20191006t165608-G_r6210_c355_ctr.tif,True,"Window(col_off=-180, row_off=-180, width=512, height=512)"
ang20191017t173348_r2637_c488_w151_h151,ang20191017t173348-D,296.2580655,ang20191017t173348,/AVIRISNG/Permian2019/ang20191017t173348_r2637_c488_w151_h151,2019-10-17,2019-10-17 17:33:48+00:00,0,0,512,512,train,hard,gs://starcop/Permian/permian_2019_official/ang20191017t173348-D_r2637_c488_ctr.tif,True,"Window(col_off=-180, row_off=-180, width=512, height=512)"
ang20190924t183641_r7936_c0_w512_h512,,0.0,ang20190924t183641,/AVIRISNG/Permian2019/ang20190924t183641_r7936_c0_w512_h512,2019-09-24,2019-09-24 18:36:41+00:00,0,0,512,512,train,random,,False,"Window(col_off=0, row_off=0, width=512, height=512)"
ang20191011t191345_r10576_c621_w151_h151,ang20191011t191345-4,866.754001,ang20191011t191345,/AVIRISNG/Permian2019/ang20191011t191345_r10576_c621_w151_h151,2019-10-11,2019-10-11 19:13:45+00:00,0,0,512,512,train,hard,gs://starcop/Permian/permian_2019_official/ang20191011t191345-4_r10576_c621_ctr.tif,True,"Window(col_off=-180, row_off=-180, width=512, height=512)"
ang20191016t162417_r11186_c275_w151_h151,ang20191016t162417-7,933.473633,ang20191016t162417,/AVIRISNG/Permian2019/ang20191016t162417_r11186_c275_w151_h151,2019-10-16,2019-10-16 16:24:17+00:00,0,0,512,512,train,hard,gs://starcop/Permian/permian_2019_official/ang20191016t162417-7_r11186_c275_ctr.tif,True,"Window(col_off=-180, row_off=-180, width=512, height=512)"
ang20191007t185303_r7424_c0_w512_h512,,0.0,ang20191007t185303,/AVIRISNG/Permian2019/ang20191007t185303_r7424_c0_w512_h512,2019-10-07,2019-10-07 18:53:03+00:00,0,0,512,512,train,random,,False,"Window(col_off=0, row_off=0, width=512, height=512)"
ang20190923t181729_r0_c256_w512_h512,,0.0,ang20190923t181729,/AVIRISNG/Permian2019/ang20190923t181729_r0_c256_w512_h512,2019-09-23,2019-09-23 18:17:29+00:00,0,0,512,512,train,hard,,False,"Window(col_off=0, row_off=0, width=512, height=512)"
ang20191013t164602_r5888_c256_w512_h512,,0.0,ang20191013t164602,/AVIRISNG/Permian2019/ang20191013t164602_r5888_c256_w512_h512,2019-10-13,2019-10-13 16:46:02+00:00,0,0,512,512,train,hard,,False,"Window(col_off=0, row_off=0, width=512, height=512)"
ang20191006t172739_r4855_c525_w151_h151,ang20191006t172739-H,346.7013217,ang20191006t172739,/AVIRISNG/Permian2019/ang20191006t172739_r4855_c525_w151_h151,2019-10-06,2019-10-06 17:27:39+00:00,0,0,512,512,train,hard,gs://starcop/Permian/permian_2019_official/ang20191006t172739-H_r4855_c525_ctr.tif,True,"Window(col_off=-180, row_off=-180, width=512, height=512)"
ang20191017t143318_r9514_c463_w151_h151,ang20191017t143318-30,771.098302,ang20191017t143318,/AVIRISNG/Permian2019/ang20191017t143318_r9514_c463_w151_h151,2019-10-17,2019-10-17 14:33:18+00:00,0,0,512,512,train,hard,gs://starcop/Permian/permian_2019_official/ang20191017t143318-30_r9514_c463_ctr.tif,True,"Window(col_off=-180, row_off=-180, width=512, height=512)"
ang20191022t182432_r1536_c0_w512_h512,,0.0,ang20191022t182432,/AVIRISNG/Permian2019/ang20191022t182432_r1536_c0_w512_h512,2019-10-22,2019-10-22 18:24:32+00:00,0,0,512,512,train,hard,,False,"Window(col_off=0, row_off=0, width=512, height=512)"
ang20191023t151141_r3072_c0_w512_h512,,0.0,ang20191023t151141,/AVIRISNG/Permian2019/ang20191023t151141_r3072_c0_w512_h512,2019-10-23,2019-10-23 15:11:41+00:00,0,0,512,512,train,random,,False,"Window(col_off=0, row_off=0, width=512, height=512)"
ang20191022t194233_r2576_c381_w151_h151,ang20191022t194233-1,665.519349,ang20191022t194233,/AVIRISNG/Permian2019/ang20191022t194233_r2576_c381_w151_h151,2019-10-22,2019-10-22 19:42:33+00:00,0,0,512,512,train,hard,gs://starcop/Permian/permian_2019_official/ang20191022t194233-1_r2576_c381_ctr.tif,True,"Window(col_off=-180, row_off=-180, width=512, height=512)"
ang20191022t191141_r3649_c28_w151_h151,ang20191022t191141-C,63.86670689,ang20191022t191141,/AVIRISNG/Permian2019/ang20191022t191141_r3649_c28_w151_h151,2019-10-22,2019-10-22 19:11:41+00:00,0,0,512,512,train,hard,gs://starcop/Permian/permian_2019_official/ang20191022t191141-C_r3649_c28_ctr.tif,True,"Window(col_off=-180, row_off=-180, width=512, height=512)"
ang20191008t183946_r6656_c0_w512_h512,,0.0,ang20191008t183946,/AVIRISNG/Permian2019/ang20191008t183946_r6656_c0_w512_h512,2019-10-08,2019-10-08 18:39:46+00:00,0,0,512,512,train,hard,,False,"Window(col_off=0, row_off=0, width=512, height=512)"
ang20190927t175410_r1554_c73_w151_h151,ang20190927t175410-M,123.4018373,ang20190927t175410,/AVIRISNG/Permian2019/ang20190927t175410_r1554_c73_w151_h151,2019-09-27,2019-09-27 17:54:10+00:00,0,0,512,512,train,hard,gs://starcop/Permian/permian_2019_official/ang20190927t175410-M_r1554_c73_ctr.tif,True,"Window(col_off=-180, row_off=-180, width=512, height=512)"
ang20190922t192642_r6423_c113_w151_h151,ang20190922t192642-5,1051.9096,ang20190922t192642,/AVIRISNG/Permian2019/ang20190922t192642_r6423_c113_w151_h151,2019-09-22,2019-09-22 19:26:42+00:00,0,0,512,512,train,easy,gs://starcop/Permian/permian_2019_official/ang20190922t192642-5_r6423_c113_ctr.tif,True,"Window(col_off=-180, row_off=-180, width=512, height=512)"
ang20191017t160033_r11776_c0_w512_h512,,0.0,ang20191017t160033,/AVIRISNG/Permian2019/ang20191017t160033_r11776_c0_w512_h512,2019-10-17,2019-10-17 16:00:33+00:00,0,0,512,512,train,hard,,False,"Window(col_off=0, row_off=0, width=512, height=512)"
ang20190926t171159_r775_c533_w151_h151,ang20190926t171159-D,848.8112783,ang20190926t171159,/AVIRISNG/Permian2019/ang20190926t171159_r775_c533_w151_h151,2019-09-26,2019-09-26 17:11:59+00:00,0,0,512,512,train,hard,gs://starcop/Permian/permian_2019_official/ang20190926t171159-D_r775_c533_ctr.tif,True,"Window(col_off=-180, row_off=-180, width=512, height=512)"
ang20191008t194115_r4096_c0_w512_h512,,0.0,ang20191008t194115,/AVIRISNG/Permian2019/ang20191008t194115_r4096_c0_w512_h512,2019-10-08,2019-10-08 19:41:15+00:00,0,0,512,512,train,random,,False,"Window(col_off=0, row_off=0, width=512, height=512)"
ang20191010t192008_r3313_c356_w151_h151,ang20191010t192008-1,741.405412,ang20191010t192008,/AVIRISNG/Permian2019/ang20191010t192008_r3313_c356_w151_h151,2019-10-10,2019-10-10 19:20:08+00:00,0,0,512,512,train,hard,gs://starcop/Permian/permian_2019_official/ang20191010t192008-1_r3313_c356_ctr.tif,True,"Window(col_off=-180, row_off=-180, width=512, height=512)"
ang20191019t172500_r4352_c256_w512_h512,,0.0,ang20191019t172500,/AVIRISNG/Permian2019/ang20191019t172500_r4352_c256_w512_h512,2019-10-19,2019-10-19 17:25:00+00:00,0,0,512,512,train,hard,,False,"Window(col_off=0, row_off=0, width=512, height=512)"
ang20191022t163722_r2878_c451_w151_h151,ang20191022t163722-1,1207.85716,ang20191022t163722,/AVIRISNG/Permian2019/ang20191022t163722_r2878_c451_w151_h151,2019-10-22,2019-10-22 16:37:22+00:00,0,0,512,512,train,easy,gs://starcop/Permian/permian_2019_official/ang20191022t163722-1_r2878_c451_ctr.tif,True,"Window(col_off=-180, row_off=-180, width=512, height=512)"
ang20190928t190948_r8960_c256_w512_h512,,0.0,ang20190928t190948,/AVIRISNG/Permian2019/ang20190928t190948_r8960_c256_w512_h512,2019-09-28,2019-09-28 19:09:48+00:00,0,0,512,512,train,random,,False,"Window(col_off=0, row_off=0, width=512, height=512)"
ang20191022t190019_r1024_c0_w512_h512,,0.0,ang20191022t190019,/AVIRISNG/Permian2019/ang20191022t190019_r1024_c0_w512_h512,2019-10-22,2019-10-22 19:00:19+00:00,0,0,512,512,train,hard,,False,"Window(col_off=0, row_off=0, width=512, height=512)"
ang20191013t173258_r13056_c0_w512_h512,,0.0,ang20191013t173258,/AVIRISNG/Permian2019/ang20191013t173258_r13056_c0_w512_h512,2019-10-13,2019-10-13 17:32:58+00:00,0,0,512,512,train,random,,False,"Window(col_off=0, row_off=0, width=512, height=512)"
ang20191008t190449_r11776_c256_w512_h512,,0.0,ang20191008t190449,/AVIRISNG/Permian2019/ang20191008t190449_r11776_c256_w512_h512,2019-10-08,2019-10-08 19:04:49+00:00,0,0,512,512,train,random,,False,"Window(col_off=0, row_off=0, width=512, height=512)"
ang20191017t173348_r747_c18_w151_h151,ang20191017t173348-B,152.4639605,ang20191017t173348,/AVIRISNG/Permian2019/ang20191017t173348_r747_c18_w151_h151,2019-10-17,2019-10-17 17:33:48+00:00,0,0,512,512,train,hard,gs://starcop/Permian/permian_2019_official/ang20191017t173348-B_r747_c18_ctr.tif,True,"Window(col_off=-180, row_off=-180, width=512, height=512)"
ang20191013t192848_r1454_c389_w151_h151,ang20191013t192848-1,138.175292,ang20191013t192848,/AVIRISNG/Permian2019/ang20191013t192848_r1454_c389_w151_h151,2019-10-13,2019-10-13 19:28:48+00:00,0,0,512,512,train,hard,gs://starcop/Permian/permian_2019_official/ang20191013t192848-1_r1454_c389_ctr.tif,True,"Window(col_off=-180, row_off=-180, width=512, height=512)"
ang20191007t190840_r5616_c413_w151_h151,ang20191007t190840-B,178.0152817,ang20191007t190840,/AVIRISNG/Permian2019/ang20191007t190840_r5616_c413_w151_h151,2019-10-07,2019-10-07 19:08:40+00:00,0,0,512,512,train,hard,gs://starcop/Permian/permian_2019_official/ang20191007t190840-B_r5616_c413_ctr.tif,True,"Window(col_off=-180, row_off=-180, width=512, height=512)"
ang20190924t165836_r1962_c318_w151_h151,ang20190924t165836-2,3136.96321,ang20190924t165836,/AVIRISNG/Permian2019/ang20190924t165836_r1962_c318_w151_h151,2019-09-24,2019-09-24 16:58:36+00:00,0,0,512,512,train,easy,gs://starcop/Permian/permian_2019_official/ang20190924t165836-2_r1962_c318_ctr.tif,True,"Window(col_off=-180, row_off=-180, width=512, height=512)"
ang20191019t182848_r3840_c256_w512_h512,,0.0,ang20191019t182848,/AVIRISNG/Permian2019/ang20191019t182848_r3840_c256_w512_h512,2019-10-19,2019-10-19 18:28:48+00:00,0,0,512,512,train,hard,,False,"Window(col_off=0, row_off=0, width=512, height=512)"
ang20191007t185303_r4669_c189_w151_h151,ang20191007t185303-B,208.2654262,ang20191007t185303,/AVIRISNG/Permian2019/ang20191007t185303_r4669_c189_w151_h151,2019-10-07,2019-10-07 18:53:03+00:00,0,0,512,512,train,hard,gs://starcop/Permian/permian_2019_official/ang20191007t185303-B_r4669_c189_ctr.tif,True,"Window(col_off=-180, row_off=-180, width=512, height=512)"
ang20190926t152524_r7296_c498_w151_h151,ang20190926t152524-A,882.56483,ang20190926t152524,/AVIRISNG/Permian2019/ang20190926t152524_r7296_c498_w151_h151,2019-09-26,2019-09-26 15:25:24+00:00,0,0,512,512,train,hard,gs://starcop/Permian/permian_2019_official/ang20190926t152524-A_r7296_c498_ctr.tif,True,"Window(col_off=-180, row_off=-180, width=512, height=512)"
ang20191010t195717_r6656_c256_w512_h512,,0.0,ang20191010t195717,/AVIRISNG/Permian2019/ang20191010t195717_r6656_c256_w512_h512,2019-10-10,2019-10-10 19:57:17+00:00,0,0,512,512,train,random,,False,"Window(col_off=0, row_off=0, width=512, height=512)"
ang20191005t221554_r768_c0_w512_h512,,0.0,ang20191005t221554,/AVIRISNG/Permian2019/ang20191005t221554_r768_c0_w512_h512,2019-10-05,2019-10-05 22:15:54+00:00,0,0,512,512,train,random,,False,"Window(col_off=0, row_off=0, width=512, height=512)"
ang20190927t151239_r5770_c331_w151_h151,ang20190927t151239-1,458.006694,ang20190927t151239,/AVIRISNG/Permian2019/ang20190927t151239_r5770_c331_w151_h151,2019-09-27,2019-09-27 15:12:39+00:00,0,0,512,512,train,hard,gs://starcop/Permian/permian_2019_official/ang20190927t151239-1_r5770_c331_ctr.tif,True,"Window(col_off=-180, row_off=-180, width=512, height=512)"
ang20191013t145516_r15602_c363_w151_h151,ang20191013t145516-I,536.0170266,ang20191013t145516,/AVIRISNG/Permian2019/ang20191013t145516_r15602_c363_w151_h151,2019-10-13,2019-10-13 14:55:16+00:00,0,0,512,512,train,hard,gs://starcop/Permian/permian_2019_official/ang20191013t145516-I_r15602_c363_ctr.tif,True,"Window(col_off=-180, row_off=-180, width=512, height=512)"
ang20191023t174017_r10832_c404_w151_h151,ang20191023t174017-E,95.30654022,ang20191023t174017,/AVIRISNG/Permian2019/ang20191023t174017_r10832_c404_w151_h151,2019-10-23,2019-10-23 17:40:17+00:00,0,0,512,512,train,hard,gs://starcop/Permian/permian_2019_official/ang20191023t174017-E_r10832_c404_ctr.tif,True,"Window(col_off=-180, row_off=-180, width=512, height=512)"
ang20190927t175410_r3898_c88_w151_h151,ang20190927t175410-2,377.612437,ang20190927t175410,/AVIRISNG/Permian2019/ang20190927t175410_r3898_c88_w151_h151,2019-09-27,2019-09-27 17:54:10+00:00,0,0,512,512,train,hard,gs://starcop/Permian/permian_2019_official/ang20190927t175410-2_r3898_c88_ctr.tif,True,"Window(col_off=-180, row_off=-180, width=512, height=512)"
ang20191023t183654_r0_c0_w512_h512,,0.0,ang20191023t183654,/AVIRISNG/Permian2019/ang20191023t183654_r0_c0_w512_h512,2019-10-23,2019-10-23 18:36:54+00:00,0,0,512,512,train,random,,False,"Window(col_off=0, row_off=0, width=512, height=512)"
ang20191019t183727_r0_c0_w512_h512,,0.0,ang20191019t183727,/AVIRISNG/Permian2019/ang20191019t183727_r0_c0_w512_h512,2019-10-19,2019-10-19 18:37:27+00:00,0,0,512,512,train,hard,,False,"Window(col_off=0, row_off=0, width=512, height=512)"
ang20191013t151222_r6133_c162_w151_h151,ang20191013t151222-6,190.181068,ang20191013t151222,/AVIRISNG/Permian2019/ang20191013t151222_r6133_c162_w151_h151,2019-10-13,2019-10-13 15:12:22+00:00,0,0,512,512,train,hard,gs://starcop/Permian/permian_2019_official/ang20191013t151222-6_r6133_c162_ctr.tif,True,"Window(col_off=-180, row_off=-180, width=512, height=512)"
ang20191017t170330_r2523_c49_w151_h151,ang20191017t170330-M,647.1599289,ang20191017t170330,/AVIRISNG/Permian2019/ang20191017t170330_r2523_c49_w151_h151,2019-10-17,2019-10-17 17:03:30+00:00,0,0,512,512,train,hard,gs://starcop/Permian/permian_2019_official/ang20191017t170330-M_r2523_c49_ctr.tif,True,"Window(col_off=-180, row_off=-180, width=512, height=512)"
ang20191008t182150_r12800_c256_w512_h512,,0.0,ang20191008t182150,/AVIRISNG/Permian2019/ang20191008t182150_r12800_c256_w512_h512,2019-10-08,2019-10-08 18:21:50+00:00,0,0,512,512,train,hard,,False,"Window(col_off=0, row_off=0, width=512, height=512)"
ang20191019t183727_r512_c0_w512_h512,,0.0,ang20191019t183727,/AVIRISNG/Permian2019/ang20191019t183727_r512_c0_w512_h512,2019-10-19,2019-10-19 18:37:27+00:00,0,0,512,512,train,random,,False,"Window(col_off=0, row_off=0, width=512, height=512)"
ang20191017t170330_r7424_c0_w512_h512,,0.0,ang20191017t170330,/AVIRISNG/Permian2019/ang20191017t170330_r7424_c0_w512_h512,2019-10-17,2019-10-17 17:03:30+00:00,0,0,512,512,train,hard,,False,"Window(col_off=0, row_off=0, width=512, height=512)"
ang20190927t164322_r7936_c0_w512_h512,,0.0,ang20190927t164322,/AVIRISNG/Permian2019/ang20190927t164322_r7936_c0_w512_h512,2019-09-27,2019-09-27 16:43:22+00:00,0,0,512,512,train,random,,False,"Window(col_off=0, row_off=0, width=512, height=512)"
ang20191022t150110_r6897_c137_w151_h151,ang20191022t150110-5,1515.49407,ang20191022t150110,/AVIRISNG/Permian2019/ang20191022t150110_r6897_c137_w151_h151,2019-10-22,2019-10-22 15:01:10+00:00,0,0,512,512,train,easy,gs://starcop/Permian/permian_2019_official/ang20191022t150110-5_r6897_c137_ctr.tif,True,"Window(col_off=-180, row_off=-180, width=512, height=512)"
ang20191022t165908_r3901_c305_w151_h151,ang20191022t165908-A,248.3575635,ang20191022t165908,/AVIRISNG/Permian2019/ang20191022t165908_r3901_c305_w151_h151,2019-10-22,2019-10-22 16:59:08+00:00,0,0,512,512,train,hard,gs://starcop/Permian/permian_2019_official/ang20191022t165908-A_r3901_c305_ctr.tif,True,"Window(col_off=-180, row_off=-180, width=512, height=512)"
ang20190923t163307_r1024_c0_w512_h512,,0.0,ang20190923t163307,/AVIRISNG/Permian2019/ang20190923t163307_r1024_c0_w512_h512,2019-09-23,2019-09-23 16:33:07+00:00,0,0,512,512,train,hard,,False,"Window(col_off=0, row_off=0, width=512, height=512)"
ang20191007t180411_r8333_c435_w151_h151,ang20191007t180411-B,680.0035283,ang20191007t180411,/AVIRISNG/Permian2019/ang20191007t180411_r8333_c435_w151_h151,2019-10-07,2019-10-07 18:04:11+00:00,0,0,512,512,train,hard,gs://starcop/Permian/permian_2019_official/ang20191007t180411-B_r8333_c435_ctr.tif,True,"Window(col_off=-180, row_off=-180, width=512, height=512)"
ang20190923t170747_r0_c0_w512_h512,,0.0,ang20190923t170747,/AVIRISNG/Permian2019/ang20190923t170747_r0_c0_w512_h512,2019-09-23,2019-09-23 17:07:47+00:00,0,0,512,512,train,hard,,False,"Window(col_off=0, row_off=0, width=512, height=512)"
ang20191017t185057_r3726_c333_w151_h151,ang20191017t185057-B,238.4210399,ang20191017t185057,/AVIRISNG/Permian2019/ang20191017t185057_r3726_c333_w151_h151,2019-10-17,2019-10-17 18:50:57+00:00,0,0,512,512,train,hard,gs://starcop/Permian/permian_2019_official/ang20191017t185057-B_r3726_c333_ctr.tif,True,"Window(col_off=-180, row_off=-180, width=512, height=512)"
ang20190926t174644_r6413_c463_w151_h151,ang20190926t174644-4,560.085729,ang20190926t174644,/AVIRISNG/Permian2019/ang20190926t174644_r6413_c463_w151_h151,2019-09-26,2019-09-26 17:46:44+00:00,0,0,512,512,train,hard,gs://starcop/Permian/permian_2019_official/ang20190926t174644-4_r6413_c463_ctr.tif,True,"Window(col_off=-180, row_off=-180, width=512, height=512)"
ang20191006t172739_r4883_c586_w151_h151,ang20191006t172739-I,120.1499219,ang20191006t172739,/AVIRISNG/Permian2019/ang20191006t172739_r4883_c586_w151_h151,2019-10-06,2019-10-06 17:27:39+00:00,0,0,512,512,train,hard,gs://starcop/Permian/permian_2019_official/ang20191006t172739-I_r4883_c586_ctr.tif,True,"Window(col_off=-180, row_off=-180, width=512, height=512)"
ang20191006t152009_r9378_c534_w151_h151,ang20191006t152009-B,104.4293986,ang20191006t152009,/AVIRISNG/Permian2019/ang20191006t152009_r9378_c534_w151_h151,2019-10-06,2019-10-06 15:20:09+00:00,0,0,512,512,train,hard,gs://starcop/Permian/permian_2019_official/ang20191006t152009-B_r9378_c534_ctr.tif,True,"Window(col_off=-180, row_off=-180, width=512, height=512)"
ang20191016t163955_r4911_c305_w151_h151,ang20191016t163955-R,126.6102038,ang20191016t163955,/AVIRISNG/Permian2019/ang20191016t163955_r4911_c305_w151_h151,2019-10-16,2019-10-16 16:39:55+00:00,0,0,512,512,train,hard,gs://starcop/Permian/permian_2019_official/ang20191016t163955-R_r4911_c305_ctr.tif,True,"Window(col_off=-180, row_off=-180, width=512, height=512)"
ang20191007t182352_r8960_c256_w512_h512,,0.0,ang20191007t182352,/AVIRISNG/Permian2019/ang20191007t182352_r8960_c256_w512_h512,2019-10-07,2019-10-07 18:23:52+00:00,0,0,512,512,train,random,,False,"Window(col_off=0, row_off=0, width=512, height=512)"
ang20191006t150453_r6912_c0_w512_h512,,0.0,ang20191006t150453,/AVIRISNG/Permian2019/ang20191006t150453_r6912_c0_w512_h512,2019-10-06,2019-10-06 15:04:53+00:00,0,0,512,512,train,random,,False,"Window(col_off=0, row_off=0, width=512, height=512)"
ang20191012t162223_r4608_c0_w512_h512,,0.0,ang20191012t162223,/AVIRISNG/Permian2019/ang20191012t162223_r4608_c0_w512_h512,2019-10-12,2019-10-12 16:22:23+00:00,0,0,512,512,train,random,,False,"Window(col_off=0, row_off=0, width=512, height=512)"
ang20191006t164135_r11396_c190_w151_h151,ang20191006t164135-K,228.006697,ang20191006t164135,/AVIRISNG/Permian2019/ang20191006t164135_r11396_c190_w151_h151,2019-10-06,2019-10-06 16:41:35+00:00,0,0,512,512,train,hard,gs://starcop/Permian/permian_2019_official/ang20191006t164135-K_r11396_c190_ctr.tif,True,"Window(col_off=-180, row_off=-180, width=512, height=512)"
ang20191023t145837_r9984_c0_w512_h512,,0.0,ang20191023t145837,/AVIRISNG/Permian2019/ang20191023t145837_r9984_c0_w512_h512,2019-10-23,2019-10-23 14:58:37+00:00,0,0,512,512,train,hard,,False,"Window(col_off=0, row_off=0, width=512, height=512)"
ang20191019t150925_r4608_c0_w512_h512,,0.0,ang20191019t150925,/AVIRISNG/Permian2019/ang20191019t150925_r4608_c0_w512_h512,2019-10-19,2019-10-19 15:09:25+00:00,0,0,512,512,train,hard,,False,"Window(col_off=0, row_off=0, width=512, height=512)"
ang20191017t160033_r3365_c25_w151_h151,ang20191017t160033-E,278.4181976,ang20191017t160033,/AVIRISNG/Permian2019/ang20191017t160033_r3365_c25_w151_h151,2019-10-17,2019-10-17 16:00:33+00:00,0,0,512,512,train,hard,gs://starcop/Permian/permian_2019_official/ang20191017t160033-E_r3365_c25_ctr.tif,True,"Window(col_off=-180, row_off=-180, width=512, height=512)"
ang20191006t165608_r1496_c38_w151_h151,ang20191006t165608-Q,93.14873916,ang20191006t165608,/AVIRISNG/Permian2019/ang20191006t165608_r1496_c38_w151_h151,2019-10-06,2019-10-06 16:56:08+00:00,0,0,512,512,train,hard,gs://starcop/Permian/permian_2019_official/ang20191006t165608-Q_r1496_c38_ctr.tif,True,"Window(col_off=-180, row_off=-180, width=512, height=512)"
ang20191022t173357_r4608_c0_w512_h512,,0.0,ang20191022t173357,/AVIRISNG/Permian2019/ang20191022t173357_r4608_c0_w512_h512,2019-10-22,2019-10-22 17:33:57+00:00,0,0,512,512,train,hard,,False,"Window(col_off=0, row_off=0, width=512, height=512)"
ang20191023t190429_r512_c0_w512_h512,,0.0,ang20191023t190429,/AVIRISNG/Permian2019/ang20191023t190429_r512_c0_w512_h512,2019-10-23,2019-10-23 19:04:29+00:00,0,0,512,512,train,random,,False,"Window(col_off=0, row_off=0, width=512, height=512)"
ang20190928t183313_r12288_c256_w512_h512,,0.0,ang20190928t183313,/AVIRISNG/Permian2019/ang20190928t183313_r12288_c256_w512_h512,2019-09-28,2019-09-28 18:33:13+00:00,0,0,512,512,train,random,,False,"Window(col_off=0, row_off=0, width=512, height=512)"
ang20190928t181405_r9472_c256_w512_h512,,0.0,ang20190928t181405,/AVIRISNG/Permian2019/ang20190928t181405_r9472_c256_w512_h512,2019-09-28,2019-09-28 18:14:05+00:00,0,0,512,512,train,random,,False,"Window(col_off=0, row_off=0, width=512, height=512)"
ang20191022t190019_r6299_c84_w151_h151,ang20191022t190019-2,1048.60839,ang20191022t190019,/AVIRISNG/Permian2019/ang20191022t190019_r6299_c84_w151_h151,2019-10-22,2019-10-22 19:00:19+00:00,0,0,512,512,train,easy,gs://starcop/Permian/permian_2019_official/ang20191022t190019-2_r6299_c84_ctr.tif,True,"Window(col_off=-180, row_off=-180, width=512, height=512)"
ang20191019t155740_r2816_c256_w512_h512,,0.0,ang20191019t155740,/AVIRISNG/Permian2019/ang20191019t155740_r2816_c256_w512_h512,2019-10-19,2019-10-19 15:57:40+00:00,0,0,512,512,train,random,,False,"Window(col_off=0, row_off=0, width=512, height=512)"
ang20191011t161719_r6484_c552_w151_h151,ang20191011t161719-3,2109.29513,ang20191011t161719,/AVIRISNG/Permian2019/ang20191011t161719_r6484_c552_w151_h151,2019-10-11,2019-10-11 16:17:19+00:00,0,0,512,512,train,easy,gs://starcop/Permian/permian_2019_official/ang20191011t161719-3_r6484_c552_ctr.tif,True,"Window(col_off=-180, row_off=-180, width=512, height=512)"
ang20190926t172904_r4772_c38_w151_h151,ang20190926t172904-F,117.8560185,ang20190926t172904,/AVIRISNG/Permian2019/ang20190926t172904_r4772_c38_w151_h151,2019-09-26,2019-09-26 17:29:04+00:00,0,0,512,512,train,hard,gs://starcop/Permian/permian_2019_official/ang20190926t172904-F_r4772_c38_ctr.tif,True,"Window(col_off=-180, row_off=-180, width=512, height=512)"
ang20191023t164221_r4864_c0_w512_h512,,0.0,ang20191023t164221,/AVIRISNG/Permian2019/ang20191023t164221_r4864_c0_w512_h512,2019-10-23,2019-10-23 16:42:21+00:00,0,0,512,512,train,random,,False,"Window(col_off=0, row_off=0, width=512, height=512)"
ang20190926t213844_r256_c256_w512_h512,,0.0,ang20190926t213844,/AVIRISNG/Permian2019/ang20190926t213844_r256_c256_w512_h512,2019-09-26,2019-09-26 21:38:44+00:00,0,0,512,512,train,random,,False,"Window(col_off=0, row_off=0, width=512, height=512)"
ang20191013t144828_r4066_c404_w151_h151,ang20191013t144828-C,291.2868199,ang20191013t144828,/AVIRISNG/Permian2019/ang20191013t144828_r4066_c404_w151_h151,2019-10-13,2019-10-13 14:48:28+00:00,0,0,512,512,train,hard,gs://starcop/Permian/permian_2019_official/ang20191013t144828-C_r4066_c404_ctr.tif,True,"Window(col_off=-180, row_off=-180, width=512, height=512)"
ang20191023t152801_r4864_c0_w512_h512,,0.0,ang20191023t152801,/AVIRISNG/Permian2019/ang20191023t152801_r4864_c0_w512_h512,2019-10-23,2019-10-23 15:28:01+00:00,0,0,512,512,train,random,,False,"Window(col_off=0, row_off=0, width=512, height=512)"
ang20191006t165608_r4616_c421_w151_h151,ang20191006t165608-I,82.52097037,ang20191006t165608,/AVIRISNG/Permian2019/ang20191006t165608_r4616_c421_w151_h151,2019-10-06,2019-10-06 16:56:08+00:00,0,0,512,512,train,hard,gs://starcop/Permian/permian_2019_official/ang20191006t165608-I_r4616_c421_ctr.tif,True,"Window(col_off=-180, row_off=-180, width=512, height=512)"
ang20191017t180347_r1024_c0_w512_h512,,0.0,ang20191017t180347,/AVIRISNG/Permian2019/ang20191017t180347_r1024_c0_w512_h512,2019-10-17,2019-10-17 18:03:47+00:00,0,0,512,512,train,hard,,False,"Window(col_off=0, row_off=0, width=512, height=512)"
ang20191011t181301_r1934_c372_w151_h151,ang20191011t181301-H,536.2594624,ang20191011t181301,/AVIRISNG/Permian2019/ang20191011t181301_r1934_c372_w151_h151,2019-10-11,2019-10-11 18:13:01+00:00,0,0,512,512,train,hard,gs://starcop/Permian/permian_2019_official/ang20191011t181301-H_r1934_c372_ctr.tif,True,"Window(col_off=-180, row_off=-180, width=512, height=512)"
ang20191017t171949_r4650_c228_w151_h151,ang20191017t171949-3,657.796821,ang20191017t171949,/AVIRISNG/Permian2019/ang20191017t171949_r4650_c228_w151_h151,2019-10-17,2019-10-17 17:19:49+00:00,0,0,512,512,train,hard,gs://starcop/Permian/permian_2019_official/ang20191017t171949-3_r4650_c228_ctr.tif,True,"Window(col_off=-180, row_off=-180, width=512, height=512)"
ang20190923t185208_r3584_c0_w512_h512,,0.0,ang20190923t185208,/AVIRISNG/Permian2019/ang20190923t185208_r3584_c0_w512_h512,2019-09-23,2019-09-23 18:52:08+00:00,0,0,512,512,train,random,,False,"Window(col_off=0, row_off=0, width=512, height=512)"
ang20191023t174017_r4608_c0_w512_h512,,0.0,ang20191023t174017,/AVIRISNG/Permian2019/ang20191023t174017_r4608_c0_w512_h512,2019-10-23,2019-10-23 17:40:17+00:00,0,0,512,512,train,random,,False,"Window(col_off=0, row_off=0, width=512, height=512)"
