id,TP_fp32,FP_fp32,FN_fp32,TN_fp32,precision_fp32,recall_fp32,f1_fp32,iou_fp32,TP_int8,FP_int8,FN_int8,TN_int8,precision_int8,recall_int8,f1_int8,iou_int8,pixels_fp32_int8_diferentes,max_diff_logits,mean_diff_logits,max_diff_prob
ang20191018t141549_r19200_c0_w512_h512,0,2825,0,259319,0.0,0.0,0.0,0.0,0,2703,0,259441,0.0,0.0,0.0,0.0,448,6.001591682434082,0.500548243522644,0.5393203496932983
ang20191018t141549_r18688_c0_w512_h512,0,0,0,262144,0.0,0.0,0.0,0.0,0,179,0,261965,0.0,0.0,0.0,0.0,179,9.963972091674805,0.7889350652694702,0.7655178904533386
ang20191018t141549_r11008_c0_w512_h512,0,0,0,262144,0.0,0.0,0.0,0.0,0,0,0,262144,0.0,0.0,0.0,0.0,0,5.688432693481445,0.6090688109397888,0.17330557107925415
ang20191018t141549_r6656_c0_w512_h512,0,258,0,261886,0.0,0.0,0.0,0.0,0,158,0,261986,0.0,0.0,0.0,0.0,184,24.33517837524414,0.6030751466751099,0.41380149126052856
ang20191018t144405_r16384_c256_w512_h512,0,0,0,262144,0.0,0.0,0.0,0.0,0,0,0,262144,0.0,0.0,0.0,0.0,0,5.619006156921387,0.3702749013900757,0.22881510853767395
ang20191018t144405_r15616_c256_w512_h512,0,528,0,261616,0.0,0.0,0.0,0.0,0,754,0,261390,0.0,0.0,0.0,0.0,250,4.737504959106445,0.4435027539730072,0.387498140335083
ang20191018t144405_r12032_c0_w512_h512,0,335,0,261809,0.0,0.0,0.0,0.0,0,419,0,261725,0.0,0.0,0.0,0.0,98,10.702946662902832,0.8167515993118286,0.7454150319099426
ang20191018t144405_r19456_c0_w512_h512,0,643,0,261501,0.0,0.0,0.0,0.0,0,826,0,261318,0.0,0.0,0.0,0.0,229,6.2328338623046875,0.5507113337516785,0.508989691734314
ang20191018t150906_r4352_c0_w512_h512,0,39,0,262105,0.0,0.0,0.0,0.0,0,28,0,262116,0.0,0.0,0.0,0.0,11,55.06334686279297,0.8873971700668335,0.2572548985481262
ang20191018t150906_r1024_c0_w512_h512,0,0,0,262144,0.0,0.0,0.0,0.0,0,11,0,262133,0.0,0.0,0.0,0.0,11,8.562450408935547,0.5456221699714661,0.5472807288169861
ang20191018t150906_r3072_c0_w512_h512,0,84,0,262060,0.0,0.0,0.0,0.0,0,286,0,261858,0.0,0.0,0.0,0.0,224,24.633953094482422,1.118348479270935,0.5623887181282043
ang20191018t150906_r7168_c0_w512_h512,0,0,0,262144,0.0,0.0,0.0,0.0,0,22,0,262122,0.0,0.0,0.0,0.0,22,10.205333709716797,0.8077022433280945,0.5200420618057251
ang20191018t153724_r18688_c0_w512_h512,0,0,0,262144,0.0,0.0,0.0,0.0,0,0,0,262144,0.0,0.0,0.0,0.0,0,9.020927429199219,0.6675699353218079,0.13012224435806274
ang20191018t153724_r18176_c0_w512_h512,0,100,0,262044,0.0,0.0,0.0,0.0,0,101,0,262043,0.0,0.0,0.0,0.0,11,8.380027770996094,0.7419885993003845,0.23690497875213623
ang20191018t153724_r3840_c0_w512_h512,0,32,0,262112,0.0,0.0,0.0,0.0,0,31,0,262113,0.0,0.0,0.0,0.0,1,14.539379119873047,1.2591140270233154,0.16508792340755463
ang20191018t153724_r13824_c0_w512_h512,0,0,0,262144,0.0,0.0,0.0,0.0,0,0,0,262144,0.0,0.0,0.0,0.0,0,9.44354248046875,1.0087157487869263,0.4024514853954315
ang20191018t160154_r0_c0_w512_h512,0,129,0,262015,0.0,0.0,0.0,0.0,0,205,0,261939,0.0,0.0,0.0,0.0,134,5.104982376098633,0.45932358503341675,0.46090787649154663
ang20191018t160154_r512_c0_w512_h512,0,1121,0,261023,0.0,0.0,0.0,0.0,0,1368,0,260776,0.0,0.0,0.0,0.0,329,13.508574485778809,0.5315071940422058,0.41214999556541443
ang20191018t160154_r11776_c0_w512_h512,0,13,0,262131,0.0,0.0,0.0,0.0,0,13,0,262131,0.0,0.0,0.0,0.0,0,12.251042366027832,1.1167441606521606,0.045452237129211426
ang20191018t160154_r9472_c0_w512_h512,0,380,0,261764,0.0,0.0,0.0,0.0,0,620,0,261524,0.0,0.0,0.0,0.0,254,8.864744186401367,0.8497876524925232,0.7134149074554443
ang20191018t163108_r16896_c0_w512_h512,0,0,0,262144,0.0,0.0,0.0,0.0,0,0,0,262144,0.0,0.0,0.0,0.0,0,13.120749473571777,0.934345543384552,0.03359662741422653
ang20191018t163108_r13824_c0_w512_h512,0,0,0,262144,0.0,0.0,0.0,0.0,0,0,0,262144,0.0,0.0,0.0,0.0,0,20.576597213745117,6.046443939208984,0.01742849312722683
ang20191018t163108_r18176_c0_w512_h512,0,0,0,262144,0.0,0.0,0.0,0.0,0,0,0,262144,0.0,0.0,0.0,0.0,0,9.193504333496094,1.0602993965148926,0.08185623586177826
ang20191018t163108_r1280_c0_w512_h512,0,0,0,262144,0.0,0.0,0.0,0.0,0,0,0,262144,0.0,0.0,0.0,0.0,0,32.269691467285156,0.9625797271728516,0.13767042756080627
ang20191018t165503_r0_c0_w512_h512,0,0,0,262144,0.0,0.0,0.0,0.0,0,0,0,262144,0.0,0.0,0.0,0.0,0,7.078695297241211,0.5088576674461365,0.2645833194255829
ang20191018t165503_r15616_c0_w512_h512,0,301,0,261843,0.0,0.0,0.0,0.0,0,64,0,262080,0.0,0.0,0.0,0.0,237,17.39838981628418,1.2353675365447998,0.5109881162643433
ang20191018t165503_r1024_c0_w512_h512,0,2740,0,259404,0.0,0.0,0.0,0.0,0,2910,0,259234,0.0,0.0,0.0,0.0,2264,23.64913558959961,0.6843611598014832,0.670383095741272
ang20191018t165503_r12288_c0_w512_h512,0,10,0,262134,0.0,0.0,0.0,0.0,0,0,0,262144,0.0,0.0,0.0,0.0,10,32.06079864501953,1.1545114517211914,0.2663672864437103
ang20191018t172239_r1024_c0_w512_h512,0,16,0,262128,0.0,0.0,0.0,0.0,0,68,0,262076,0.0,0.0,0.0,0.0,52,34.044525146484375,0.7799649834632874,0.43262290954589844
ang20191018t172239_r16384_c0_w512_h512,0,168,0,261976,0.0,0.0,0.0,0.0,0,115,0,262029,0.0,0.0,0.0,0.0,155,11.881092071533203,0.9767921566963196,0.42297613620758057
ang20191018t172239_r11264_c0_w512_h512,0,1,0,262143,0.0,0.0,0.0,0.0,0,0,0,262144,0.0,0.0,0.0,0.0,1,12.002727508544922,1.2727817296981812,0.10433626174926758
ang20191018t172239_r20224_c0_w512_h512,0,0,0,262144,0.0,0.0,0.0,0.0,0,0,0,262144,0.0,0.0,0.0,0.0,0,9.17957878112793,1.0461111068725586,0.4359807074069977
ang20191018t174629_r512_c0_w512_h512,0,4105,0,258039,0.0,0.0,0.0,0.0,0,3240,0,258904,0.0,0.0,0.0,0.0,1241,7.147913932800293,0.5741203427314758,0.6725401282310486
ang20191018t174629_r0_c0_w512_h512,0,319,0,261825,0.0,0.0,0.0,0.0,0,308,0,261836,0.0,0.0,0.0,0.0,71,38.095542907714844,0.7100200653076172,0.254356324672699
ang20191018t174629_r19200_c0_w512_h512,0,0,0,262144,0.0,0.0,0.0,0.0,0,0,0,262144,0.0,0.0,0.0,0.0,0,9.477738380432129,0.876653254032135,0.004429367370903492
ang20191018t174629_r18432_c0_w512_h512,0,0,0,262144,0.0,0.0,0.0,0.0,0,0,0,262144,0.0,0.0,0.0,0.0,0,12.741036415100098,1.1969120502471924,0.035194799304008484
ang20191018t181457_r256_c0_w512_h512,0,0,0,262144,0.0,0.0,0.0,0.0,0,0,0,262144,0.0,0.0,0.0,0.0,0,22.32033920288086,7.449382781982422,0.07996968924999237
ang20191018t181457_r1536_c0_w512_h512,0,99,0,262045,0.0,0.0,0.0,0.0,0,207,0,261937,0.0,0.0,0.0,0.0,120,9.634737014770508,0.8830736875534058,0.6229833364486694
ang20191018t181457_r5632_c0_w512_h512,0,0,0,262144,0.0,0.0,0.0,0.0,0,0,0,262144,0.0,0.0,0.0,0.0,0,12.45580005645752,1.0923759937286377,0.0347956120967865
ang20191018t181457_r2816_c0_w512_h512,0,0,0,262144,0.0,0.0,0.0,0.0,0,0,0,262144,0.0,0.0,0.0,0.0,0,20.524070739746094,1.8458762168884277,0.1308172196149826
ang20191018t183859_r2048_c0_w512_h512,0,5102,0,257042,0.0,0.0,0.0,0.0,0,4723,0,257421,0.0,0.0,0.0,0.0,379,24.28827667236328,0.7089226245880127,0.5720384120941162
ang20191018t183859_r256_c0_w512_h512,0,1182,0,260962,0.0,0.0,0.0,0.0,0,1040,0,261104,0.0,0.0,0.0,0.0,144,39.904022216796875,1.1247249841690063,0.36581793427467346
ang20191018t183859_r6912_c0_w512_h512,0,38,0,262106,0.0,0.0,0.0,0.0,0,47,0,262097,0.0,0.0,0.0,0.0,9,19.54095458984375,1.2901580333709717,0.2990294396877289
ang20191018t183859_r5632_c0_w512_h512,0,23,0,262121,0.0,0.0,0.0,0.0,0,90,0,262054,0.0,0.0,0.0,0.0,67,19.813156127929688,1.3460583686828613,0.466799259185791
ang20191018t190719_r256_c0_w512_h512,0,0,0,262144,0.0,0.0,0.0,0.0,0,0,0,262144,0.0,0.0,0.0,0.0,0,16.545825958251953,1.036420464515686,0.07472532987594604
ang20191018t190719_r3328_c0_w512_h512,0,0,0,262144,0.0,0.0,0.0,0.0,0,0,0,262144,0.0,0.0,0.0,0.0,0,16.10157585144043,1.6703040599822998,0.20839019119739532
ang20191018t190719_r18944_c0_w512_h512,0,0,0,262144,0.0,0.0,0.0,0.0,0,0,0,262144,0.0,0.0,0.0,0.0,0,11.49416732788086,1.1352670192718506,0.01682986319065094
ang20191018t190719_r11776_c0_w512_h512,0,0,0,262144,0.0,0.0,0.0,0.0,0,0,0,262144,0.0,0.0,0.0,0.0,0,10.567228317260742,1.1582564115524292,0.05910658836364746
ang20191021t153008_r3584_c0_w512_h512,0,4541,0,257603,0.0,0.0,0.0,0.0,0,1117,0,261027,0.0,0.0,0.0,0.0,3426,8.947443008422852,0.7974637150764465,0.8541924357414246
ang20191021t153008_r9728_c0_w512_h512,0,37,0,262107,0.0,0.0,0.0,0.0,0,61,0,262083,0.0,0.0,0.0,0.0,24,11.271574974060059,0.7125251293182373,0.31892600655555725
ang20191021t153008_r6400_c0_w512_h512,0,993,0,261151,0.0,0.0,0.0,0.0,0,904,0,261240,0.0,0.0,0.0,0.0,121,10.141469955444336,1.3274810314178467,0.47866371273994446
ang20191021t153008_r1024_c0_w512_h512,0,0,0,262144,0.0,0.0,0.0,0.0,0,0,0,262144,0.0,0.0,0.0,0.0,0,7.648943901062012,1.0725483894348145,0.11538064479827881
ang20191021t154726_r4608_c0_w512_h512,0,0,0,262144,0.0,0.0,0.0,0.0,0,15,0,262129,0.0,0.0,0.0,0.0,15,13.481134414672852,0.957743763923645,0.45243752002716064
ang20191021t154726_r4096_c0_w512_h512,0,690,0,261454,0.0,0.0,0.0,0.0,0,597,0,261547,0.0,0.0,0.0,0.0,179,11.576061248779297,1.0558511018753052,0.4937346875667572
ang20191021t154726_r5632_c0_w512_h512,0,0,0,262144,0.0,0.0,0.0,0.0,0,3,0,262141,0.0,0.0,0.0,0.0,3,10.643573760986328,1.181387186050415,0.32987576723098755
ang20191021t154726_r7424_c0_w512_h512,0,0,0,262144,0.0,0.0,0.0,0.0,0,0,0,262144,0.0,0.0,0.0,0.0,0,19.822010040283203,0.9624084830284119,0.10473354905843735
ang20191021t160052_r9472_c0_w512_h512,0,32888,188,229068,0.0,0.0,0.0,0.0,0,35317,188,226639,0.0,0.0,0.0,0.0,5009,17.813426971435547,0.7837398648262024,0.7977818250656128
ang20191021t160052_r4608_c0_w512_h512,0,1,0,262143,0.0,0.0,0.0,0.0,0,0,0,262144,0.0,0.0,0.0,0.0,1,12.175658226013184,0.8661283254623413,0.3223212957382202
ang20191021t160052_r5120_c0_w512_h512,0,0,0,262144,0.0,0.0,0.0,0.0,0,0,0,262144,0.0,0.0,0.0,0.0,0,13.612049102783203,1.294243335723877,0.2118941694498062
ang20191021t160052_r2816_c0_w512_h512,0,0,0,262144,0.0,0.0,0.0,0.0,0,0,0,262144,0.0,0.0,0.0,0.0,0,10.071999549865723,1.075212836265564,0.006477832328528166
ang20191021t161810_r9728_c0_w512_h512,0,100642,0,161502,0.0,0.0,0.0,0.0,0,99986,0,162158,0.0,0.0,0.0,0.0,5818,10.290178298950195,0.5235683917999268,0.7598193883895874
ang20191021t161810_r9216_c0_w512_h512,0,2768,0,259376,0.0,0.0,0.0,0.0,0,3228,0,258916,0.0,0.0,0.0,0.0,1132,23.447227478027344,1.0717098712921143,0.7321813702583313
ang20191021t161810_r7424_c0_w512_h512,0,0,0,262144,0.0,0.0,0.0,0.0,0,0,0,262144,0.0,0.0,0.0,0.0,0,34.594425201416016,1.4319169521331787,0.07881586253643036
ang20191021t161810_r2304_c0_w512_h512,0,0,0,262144,0.0,0.0,0.0,0.0,0,0,0,262144,0.0,0.0,0.0,0.0,0,16.463071823120117,0.969648003578186,0.09408935904502869
ang20191021t163119_r9984_c0_w512_h512,0,9805,0,252339,0.0,0.0,0.0,0.0,0,8230,0,253914,0.0,0.0,0.0,0.0,6413,18.983951568603516,1.138295292854309,0.6307685375213623
ang20191021t163119_r9472_c0_w512_h512,0,123,0,262021,0.0,0.0,0.0,0.0,0,112,0,262032,0.0,0.0,0.0,0.0,17,37.638023376464844,1.1798622608184814,0.3390163779258728
ang20191021t163119_r6656_c0_w512_h512,0,0,0,262144,0.0,0.0,0.0,0.0,0,0,0,262144,0.0,0.0,0.0,0.0,0,10.511676788330078,1.1969295740127563,0.08952593058347702
ang20191021t163119_r5376_c0_w512_h512,0,0,0,262144,0.0,0.0,0.0,0.0,0,0,0,262144,0.0,0.0,0.0,0.0,0,12.916547775268555,1.2121446132659912,0.3632388114929199
ang20191021t164905_r6656_c0_w512_h512,0,0,0,262144,0.0,0.0,0.0,0.0,0,0,0,262144,0.0,0.0,0.0,0.0,0,8.39456844329834,0.6006020903587341,0.04488423839211464
ang20191021t164905_r7168_c0_w512_h512,0,0,0,262144,0.0,0.0,0.0,0.0,0,0,0,262144,0.0,0.0,0.0,0.0,0,14.98911190032959,0.8724160194396973,0.033608995378017426
ang20191021t164905_r3328_c0_w512_h512,0,16,0,262128,0.0,0.0,0.0,0.0,0,29,0,262115,0.0,0.0,0.0,0.0,15,30.962299346923828,0.8591678142547607,0.30789679288864136
ang20191021t164905_r8192_c0_w512_h512,0,7,0,262137,0.0,0.0,0.0,0.0,0,0,0,262144,0.0,0.0,0.0,0.0,7,46.4085578918457,0.9813446998596191,0.37144550681114197
ang20191021t170142_r5888_c0_w512_h512,0,43588,0,218556,0.0,0.0,0.0,0.0,0,41911,0,220233,0.0,0.0,0.0,0.0,7515,6.995647430419922,0.5119357705116272,0.7909452319145203
ang20191021t170142_r6400_c0_w512_h512,0,2869,0,259275,0.0,0.0,0.0,0.0,0,2665,0,259479,0.0,0.0,0.0,0.0,498,8.049470901489258,0.737000584602356,0.666837215423584
ang20191021t170142_r1280_c0_w512_h512,0,0,0,262144,0.0,0.0,0.0,0.0,0,0,0,262144,0.0,0.0,0.0,0.0,0,13.517860412597656,0.9482094049453735,0.06768060475587845
ang20191021t170142_r9984_c0_w512_h512,119,194,6,261825,0.3801916932907348,0.952,0.54337899543379,0.3730407523510972,113,158,12,261861,0.41697416974169743,0.904,0.5707070707070707,0.3992932862190813,42,14.925191879272461,1.3903309106826782,0.5464890003204346
ang20191021t171902_r5632_c0_w512_h512,0,1514,0,260630,0.0,0.0,0.0,0.0,0,1700,0,260444,0.0,0.0,0.0,0.0,516,8.216577529907227,0.5846808552742004,0.5264779925346375
ang20191021t171902_r6144_c0_w512_h512,0,23,0,262121,0.0,0.0,0.0,0.0,0,9,0,262135,0.0,0.0,0.0,0.0,32,8.851346969604492,0.6314558386802673,0.19488903880119324
ang20191021t171902_r2048_c0_w512_h512,0,0,0,262144,0.0,0.0,0.0,0.0,0,0,0,262144,0.0,0.0,0.0,0.0,0,12.69003677368164,1.1023449897766113,0.22113196551799774
ang20191021t171902_r7424_c0_w512_h512,0,0,0,262144,0.0,0.0,0.0,0.0,0,0,0,262144,0.0,0.0,0.0,0.0,0,13.129936218261719,1.0212992429733276,0.05746341496706009
ang20191021t173221_r10496_c0_w512_h512,0,55,0,262089,0.0,0.0,0.0,0.0,0,51,0,262093,0.0,0.0,0.0,0.0,20,14.703868865966797,0.9418553113937378,0.41543108224868774
ang20191021t173221_r6144_c0_w512_h512,0,0,0,262144,0.0,0.0,0.0,0.0,0,0,0,262144,0.0,0.0,0.0,0.0,0,21.410430908203125,0.996554434299469,0.012456966564059258
ang20191021t173221_r9728_c0_w512_h512,0,0,0,262144,0.0,0.0,0.0,0.0,0,0,0,262144,0.0,0.0,0.0,0.0,0,11.906665802001953,1.165402889251709,0.09008435159921646
ang20191021t173221_r7936_c0_w512_h512,0,1717,0,260427,0.0,0.0,0.0,0.0,0,1671,0,260473,0.0,0.0,0.0,0.0,46,45.4464111328125,1.074876070022583,0.29116708040237427
ang20191021t174954_r10752_c256_w512_h512,0,0,0,262144,0.0,0.0,0.0,0.0,0,2,0,262142,0.0,0.0,0.0,0.0,2,7.876506805419922,0.7047529220581055,0.23818621039390564
ang20191021t174954_r9472_c256_w512_h512,0,0,0,262144,0.0,0.0,0.0,0.0,0,9,0,262135,0.0,0.0,0.0,0.0,9,42.072147369384766,1.520647644996643,0.262886106967926
ang20191021t174954_r2560_c256_w512_h512,0,0,0,262144,0.0,0.0,0.0,0.0,0,0,0,262144,0.0,0.0,0.0,0.0,0,37.810791015625,1.1610115766525269,0.05481750890612602
ang20191021t174954_r4096_c256_w512_h512,0,3,0,262141,0.0,0.0,0.0,0.0,0,0,0,262144,0.0,0.0,0.0,0.0,3,19.445762634277344,0.9431467652320862,0.5240927934646606
ang20191021t180251_r1280_c0_w512_h512,0,824,0,261320,0.0,0.0,0.0,0.0,0,802,0,261342,0.0,0.0,0.0,0.0,60,17.14432144165039,0.8789852261543274,0.3641897141933441
ang20191021t180251_r512_c0_w512_h512,0,202,0,261942,0.0,0.0,0.0,0.0,0,243,0,261901,0.0,0.0,0.0,0.0,49,16.43546485900879,0.974210262298584,0.41955313086509705
ang20191021t180251_r8448_c0_w512_h512,0,0,0,262144,0.0,0.0,0.0,0.0,0,0,0,262144,0.0,0.0,0.0,0.0,0,16.22634506225586,1.0306965112686157,0.23481741547584534
ang20191021t180251_r4608_c0_w512_h512,0,0,0,262144,0.0,0.0,0.0,0.0,0,0,0,262144,0.0,0.0,0.0,0.0,0,16.87021255493164,0.6651879549026489,0.20818975567817688
ang20191021t181927_r9728_c0_w512_h512,0,0,0,262144,0.0,0.0,0.0,0.0,0,0,0,262144,0.0,0.0,0.0,0.0,0,11.373085021972656,0.9239006638526917,0.21735146641731262
ang20191021t181927_r1280_c0_w512_h512,0,463,0,261681,0.0,0.0,0.0,0.0,0,515,0,261629,0.0,0.0,0.0,0.0,234,9.841182708740234,0.7392381429672241,0.4194870591163635
ang20191021t181927_r6656_c0_w512_h512,0,0,0,262144,0.0,0.0,0.0,0.0,0,0,0,262144,0.0,0.0,0.0,0.0,0,35.574623107910156,1.0034666061401367,0.4956115782260895
ang20191021t181927_r2048_c0_w512_h512,0,0,0,262144,0.0,0.0,0.0,0.0,0,0,0,262144,0.0,0.0,0.0,0.0,0,14.556825637817383,1.0151814222335815,0.49707919359207153
ang20191021t183204_r1280_c0_w512_h512,0,256,0,261888,0.0,0.0,0.0,0.0,0,711,0,261433,0.0,0.0,0.0,0.0,455,11.200994491577148,0.825671374797821,0.8148742914199829
ang20191021t183204_r9728_c0_w512_h512,0,0,0,262144,0.0,0.0,0.0,0.0,0,0,0,262144,0.0,0.0,0.0,0.0,0,10.115701675415039,1.1202327013015747,0.010347798466682434
ang20191021t183204_r3584_c0_w512_h512,0,0,0,262144,0.0,0.0,0.0,0.0,0,0,0,262144,0.0,0.0,0.0,0.0,0,39.08687210083008,1.0479792356491089,0.03634742647409439
ang20191021t183204_r10496_c0_w512_h512,0,77,0,262067,0.0,0.0,0.0,0.0,0,80,0,262064,0.0,0.0,0.0,0.0,5,28.214435577392578,0.9513814449310303,0.20268487930297852
ang20191021t184841_r10752_c0_w512_h512,0,0,0,262144,0.0,0.0,0.0,0.0,0,2,0,262142,0.0,0.0,0.0,0.0,2,13.917312622070312,0.8665263652801514,0.38848641514778137
ang20191021t184841_r10240_c0_w512_h512,0,337,0,261807,0.0,0.0,0.0,0.0,0,337,0,261807,0.0,0.0,0.0,0.0,76,41.364315032958984,1.0693610906600952,0.4047590494155884
ang20191021t184841_r3840_c0_w512_h512,0,0,0,262144,0.0,0.0,0.0,0.0,0,0,0,262144,0.0,0.0,0.0,0.0,0,44.075321197509766,1.1687273979187012,0.1317022442817688
ang20191021t184841_r9216_c0_w512_h512,0,17,0,262127,0.0,0.0,0.0,0.0,0,23,0,262121,0.0,0.0,0.0,0.0,8,35.35684585571289,1.1033952236175537,0.25299227237701416
ang20191021t190136_r3584_c0_w512_h512,0,33106,0,229038,0.0,0.0,0.0,0.0,0,32692,0,229452,0.0,0.0,0.0,0.0,666,11.332647323608398,0.7916370630264282,0.3800516724586487
ang20191021t190136_r10496_c0_w512_h512,0,9140,0,253004,0.0,0.0,0.0,0.0,0,8287,0,253857,0.0,0.0,0.0,0.0,1711,20.397655487060547,0.9692623615264893,0.7419740557670593
ang20191021t190136_r3072_c0_w512_h512,0,1579,0,260565,0.0,0.0,0.0,0.0,0,1083,0,261061,0.0,0.0,0.0,0.0,498,44.89391326904297,1.1077357530593872,0.37560364603996277
ang20191021t190136_r256_c0_w512_h512,0,0,0,262144,0.0,0.0,0.0,0.0,0,0,0,262144,0.0,0.0,0.0,0.0,0,9.630656242370605,1.1168363094329834,0.02406252920627594
ang20191021t191828_r10752_c0_w512_h512,0,42,0,262102,0.0,0.0,0.0,0.0,0,70,0,262074,0.0,0.0,0.0,0.0,30,11.331439971923828,0.9430765509605408,0.332675576210022
ang20191021t191828_r3584_c256_w512_h512,0,5804,0,256340,0.0,0.0,0.0,0.0,0,4711,0,257433,0.0,0.0,0.0,0.0,1167,11.810722351074219,1.1486252546310425,0.6701518297195435
ang20191021t191828_r4864_c0_w512_h512,0,91,0,262053,0.0,0.0,0.0,0.0,0,80,0,262064,0.0,0.0,0.0,0.0,105,11.098274230957031,1.046657681465149,0.4982661008834839
ang20191021t191828_r2304_c256_w512_h512,0,0,0,262144,0.0,0.0,0.0,0.0,0,14,0,262130,0.0,0.0,0.0,0.0,14,11.961042404174805,0.9464606046676636,0.6216524839401245
ang20191021t193145_r10752_c0_w512_h512,0,0,0,262144,0.0,0.0,0.0,0.0,0,0,0,262144,0.0,0.0,0.0,0.0,0,10.067523002624512,0.8016226291656494,0.09663074463605881
ang20191021t193145_r10240_c0_w512_h512,0,0,0,262144,0.0,0.0,0.0,0.0,0,0,0,262144,0.0,0.0,0.0,0.0,0,14.44266128540039,1.0411772727966309,0.06603710353374481
ang20191021t193145_r1536_c0_w512_h512,0,0,0,262144,0.0,0.0,0.0,0.0,0,0,0,262144,0.0,0.0,0.0,0.0,0,17.946441650390625,0.9063114523887634,0.10239282250404358
ang20191021t193145_r2048_c0_w512_h512,0,108,0,262036,0.0,0.0,0.0,0.0,0,78,0,262066,0.0,0.0,0.0,0.0,30,16.074800491333008,0.8747113943099976,0.48984360694885254
ang20191021t194835_r2048_c0_w512_h512,0,222,0,261922,0.0,0.0,0.0,0.0,0,236,0,261908,0.0,0.0,0.0,0.0,32,8.64411735534668,0.7105464935302734,0.3756891191005707
ang20191021t194835_r9984_c0_w512_h512,0,0,0,262144,0.0,0.0,0.0,0.0,0,2,0,262142,0.0,0.0,0.0,0.0,2,14.752395629882812,0.9473055601119995,0.35151273012161255
ang20191021t194835_r5120_c0_w512_h512,0,0,0,262144,0.0,0.0,0.0,0.0,0,0,0,262144,0.0,0.0,0.0,0.0,0,18.742538452148438,0.9280480146408081,0.11065386235713959
ang20191021t194835_r512_c0_w512_h512,0,0,0,262144,0.0,0.0,0.0,0.0,0,0,0,262144,0.0,0.0,0.0,0.0,0,11.09931755065918,1.1643552780151367,0.06523163616657257
ang20191025t161146_r13312_c0_w512_h512,0,0,0,262144,0.0,0.0,0.0,0.0,0,0,0,262144,0.0,0.0,0.0,0.0,0,5.717884063720703,0.6058056950569153,0.253692626953125
ang20191025t161146_r12800_c0_w512_h512,0,0,0,262144,0.0,0.0,0.0,0.0,0,0,0,262144,0.0,0.0,0.0,0.0,0,10.402656555175781,0.838546633720398,0.023887943476438522
ang20191025t161146_r9216_c0_w512_h512,0,88,0,262056,0.0,0.0,0.0,0.0,0,137,0,262007,0.0,0.0,0.0,0.0,51,36.49513626098633,1.1813385486602783,0.33720317482948303
ang20191025t161146_r256_c0_w512_h512,0,0,0,262144,0.0,0.0,0.0,0.0,0,0,0,262144,0.0,0.0,0.0,0.0,0,5.8090057373046875,0.7465953230857849,0.01027014758437872
ang20191025t163632_r7936_c0_w512_h512,0,476,0,261668,0.0,0.0,0.0,0.0,0,543,0,261601,0.0,0.0,0.0,0.0,265,8.454063415527344,0.9157817363739014,0.4745800197124481
ang20191025t163632_r256_c0_w512_h512,0,0,0,262144,0.0,0.0,0.0,0.0,0,0,0,262144,0.0,0.0,0.0,0.0,0,4.033760070800781,0.5921381115913391,0.005502141546458006
ang20191025t163632_r11520_c0_w512_h512,0,0,0,262144,0.0,0.0,0.0,0.0,0,0,0,262144,0.0,0.0,0.0,0.0,0,11.255975723266602,1.0515005588531494,0.02522463910281658
ang20191025t163632_r7168_c0_w512_h512,0,173,0,261971,0.0,0.0,0.0,0.0,0,169,0,261975,0.0,0.0,0.0,0.0,12,9.63711166381836,0.9256352782249451,0.14272238314151764
ang20191025t165545_r13312_c0_w512_h512,0,0,0,262144,0.0,0.0,0.0,0.0,0,1,0,262143,0.0,0.0,0.0,0.0,1,9.962015151977539,0.8278648853302002,0.5271934270858765
ang20191025t165545_r8704_c0_w512_h512,0,65,0,262079,0.0,0.0,0.0,0.0,0,97,0,262047,0.0,0.0,0.0,0.0,32,11.287887573242188,0.8819925785064697,0.420418918132782
ang20191025t165545_r1792_c0_w512_h512,0,5,0,262139,0.0,0.0,0.0,0.0,0,2,0,262142,0.0,0.0,0.0,0.0,3,8.140199661254883,0.6974635720252991,0.08072899281978607
ang20191025t165545_r3328_c0_w512_h512,0,0,0,262144,0.0,0.0,0.0,0.0,0,0,0,262144,0.0,0.0,0.0,0.0,0,9.062037467956543,1.011873722076416,0.030800044536590576
ang20191025t171141_r9216_c0_w512_h512,0,22,0,262122,0.0,0.0,0.0,0.0,0,46,0,262098,0.0,0.0,0.0,0.0,24,11.755229949951172,0.8505766987800598,0.33160749077796936
ang20191025t171141_r9728_c0_w512_h512,0,0,0,262144,0.0,0.0,0.0,0.0,0,0,0,262144,0.0,0.0,0.0,0.0,0,8.175607681274414,0.895044207572937,0.0595838762819767
ang20191025t171141_r2816_c0_w512_h512,0,75,0,262069,0.0,0.0,0.0,0.0,0,63,0,262081,0.0,0.0,0.0,0.0,14,8.988368034362793,0.985830545425415,0.16528677940368652
ang20191025t171141_r12544_c0_w512_h512,0,9,0,262135,0.0,0.0,0.0,0.0,0,5,0,262139,0.0,0.0,0.0,0.0,6,11.750828742980957,0.920005202293396,0.15782082080841064
ang20191025t173025_r6912_c0_w512_h512,0,114,0,262030,0.0,0.0,0.0,0.0,0,105,0,262039,0.0,0.0,0.0,0.0,13,24.356094360351562,1.0855776071548462,0.21438461542129517
ang20191025t173025_r5376_c0_w512_h512,0,0,0,262144,0.0,0.0,0.0,0.0,0,0,0,262144,0.0,0.0,0.0,0.0,0,22.3236083984375,1.1899545192718506,0.07379956543445587
ang20191025t173025_r10496_c0_w512_h512,0,0,0,262144,0.0,0.0,0.0,0.0,0,0,0,262144,0.0,0.0,0.0,0.0,0,9.421567916870117,0.908061146736145,0.38543832302093506
ang20191025t173025_r1536_c0_w512_h512,0,19,0,262125,0.0,0.0,0.0,0.0,0,41,0,262103,0.0,0.0,0.0,0.0,22,12.077713966369629,1.0469794273376465,0.3548969328403473
ang20191025t174619_r5632_c0_w512_h512,0,263,0,261881,0.0,0.0,0.0,0.0,0,282,0,261862,0.0,0.0,0.0,0.0,55,8.046672821044922,0.7934579849243164,0.4782266318798065
ang20191025t174619_r3072_c0_w512_h512,0,0,0,262144,0.0,0.0,0.0,0.0,0,0,0,262144,0.0,0.0,0.0,0.0,0,7.485721588134766,0.802780032157898,0.18124687671661377
ang20191025t174619_r768_c0_w512_h512,0,0,0,262144,0.0,0.0,0.0,0.0,0,0,0,262144,0.0,0.0,0.0,0.0,0,5.665768623352051,0.944085419178009,0.0021880678832530975
ang20191025t174619_r8192_c0_w512_h512,0,4,0,262140,0.0,0.0,0.0,0.0,0,16,0,262128,0.0,0.0,0.0,0.0,12,34.24765396118164,1.210321307182312,0.22852492332458496
ang20191025t182152_r3328_c0_w512_h512,0,17,0,262127,0.0,0.0,0.0,0.0,0,5,0,262139,0.0,0.0,0.0,0.0,22,12.508929252624512,0.9330598711967468,0.21568529307842255
ang20191025t182152_r6656_c0_w512_h512,0,0,0,262144,0.0,0.0,0.0,0.0,0,0,0,262144,0.0,0.0,0.0,0.0,0,10.550042152404785,0.7391316294670105,0.07823829352855682
ang20191025t182152_r5632_c0_w512_h512,0,3,0,262141,0.0,0.0,0.0,0.0,0,21,0,262123,0.0,0.0,0.0,0.0,18,19.607833862304688,1.7634328603744507,0.3022996187210083
ang20191025t182152_r12544_c0_w512_h512,0,0,0,262144,0.0,0.0,0.0,0.0,0,0,0,262144,0.0,0.0,0.0,0.0,0,11.028959274291992,1.0130107402801514,0.04093024134635925
ang20191025t184057_r5376_c0_w512_h512,0,0,0,262144,0.0,0.0,0.0,0.0,0,0,0,262144,0.0,0.0,0.0,0.0,0,12.779281616210938,0.8435843586921692,0.12835104763507843
ang20191025t184057_r5888_c0_w512_h512,0,0,0,262144,0.0,0.0,0.0,0.0,0,0,0,262144,0.0,0.0,0.0,0.0,0,11.284343719482422,1.4577358961105347,0.09536394476890564
ang20191025t184057_r12288_c0_w512_h512,0,0,0,262144,0.0,0.0,0.0,0.0,0,0,0,262144,0.0,0.0,0.0,0.0,0,12.064022064208984,0.9522110223770142,0.1132952868938446
ang20191025t184057_r0_c0_w512_h512,0,0,0,262144,0.0,0.0,0.0,0.0,0,0,0,262144,0.0,0.0,0.0,0.0,0,12.119544982910156,1.2007735967636108,0.006479528266936541
ang20191025t185816_r6912_c0_w512_h512,0,0,0,262144,0.0,0.0,0.0,0.0,0,0,0,262144,0.0,0.0,0.0,0.0,0,36.41965103149414,1.1524745225906372,0.18912675976753235
ang20191025t185816_r7680_c0_w512_h512,0,0,0,262144,0.0,0.0,0.0,0.0,0,0,0,262144,0.0,0.0,0.0,0.0,0,11.250164985656738,0.9226517677307129,0.31357553601264954
ang20191025t185816_r4864_c0_w512_h512,0,18,0,262126,0.0,0.0,0.0,0.0,0,12,0,262132,0.0,0.0,0.0,0.0,16,36.479881286621094,2.10894775390625,0.3768582344055176
ang20191025t185816_r13056_c0_w512_h512,0,0,0,262144,0.0,0.0,0.0,0.0,0,0,0,262144,0.0,0.0,0.0,0.0,0,14.176126480102539,1.0909658670425415,0.10176976770162582
ang20191025t191752_r6912_c0_w512_h512,0,0,0,262144,0.0,0.0,0.0,0.0,0,0,0,262144,0.0,0.0,0.0,0.0,0,20.94968032836914,1.0045251846313477,0.07898838818073273
ang20191025t191752_r6400_c0_w512_h512,0,0,0,262144,0.0,0.0,0.0,0.0,0,0,0,262144,0.0,0.0,0.0,0.0,0,13.44302749633789,0.9193998575210571,0.014749064110219479
ang20191025t191752_r4352_c0_w512_h512,0,137,0,262007,0.0,0.0,0.0,0.0,0,109,0,262035,0.0,0.0,0.0,0.0,30,19.392498016357422,1.6161746978759766,0.37354081869125366
ang20191025t191752_r11520_c0_w512_h512,0,36,0,262108,0.0,0.0,0.0,0.0,0,55,0,262089,0.0,0.0,0.0,0.0,19,13.068849563598633,0.830596387386322,0.3078981935977936
ang20191025t193513_r7424_c0_w512_h512,0,0,0,262144,0.0,0.0,0.0,0.0,0,51,0,262093,0.0,0.0,0.0,0.0,51,10.242401123046875,0.8111040592193604,0.2275661826133728
ang20191025t193513_r6400_c0_w512_h512,0,23,0,262121,0.0,0.0,0.0,0.0,0,5,0,262139,0.0,0.0,0.0,0.0,28,14.622322082519531,1.1363673210144043,0.350468248128891
ang20191025t193513_r12800_c0_w512_h512,0,0,0,262144,0.0,0.0,0.0,0.0,0,0,0,262144,0.0,0.0,0.0,0.0,0,14.333709716796875,1.149788498878479,0.16154253482818604
ang20191025t193513_r7936_c0_w512_h512,0,8,0,262136,0.0,0.0,0.0,0.0,0,3,0,262141,0.0,0.0,0.0,0.0,5,9.249137878417969,0.9587684273719788,0.16446742415428162
ang20191025t195446_r8192_c0_w512_h512,0,284,0,261860,0.0,0.0,0.0,0.0,0,244,0,261900,0.0,0.0,0.0,0.0,46,10.258949279785156,0.9419325590133667,0.41278076171875
ang20191025t195446_r4096_c0_w512_h512,0,1,0,262143,0.0,0.0,0.0,0.0,0,3,0,262141,0.0,0.0,0.0,0.0,2,14.631248474121094,1.2521007061004639,0.2861003279685974
ang20191025t195446_r2304_c0_w512_h512,0,0,0,262144,0.0,0.0,0.0,0.0,0,0,0,262144,0.0,0.0,0.0,0.0,0,12.971046447753906,1.096448302268982,0.0633447989821434
ang20191025t195446_r2816_c0_w512_h512,0,0,0,262144,0.0,0.0,0.0,0.0,0,26,0,262118,0.0,0.0,0.0,0.0,26,10.425729751586914,0.9053986072540283,0.4235793650150299
ang20191025t203400_r11520_c0_w512_h512,0,0,0,262144,0.0,0.0,0.0,0.0,0,0,0,262144,0.0,0.0,0.0,0.0,0,9.76576042175293,0.9145020246505737,0.13054558634757996
ang20191025t203400_r8448_c0_w512_h512,0,0,0,262144,0.0,0.0,0.0,0.0,0,0,0,262144,0.0,0.0,0.0,0.0,0,10.591054916381836,0.9494583010673523,0.11101937294006348
ang20191025t203400_r4096_c0_w512_h512,0,127,0,262017,0.0,0.0,0.0,0.0,0,107,0,262037,0.0,0.0,0.0,0.0,24,17.543720245361328,1.4983863830566406,0.49566295742988586
ang20191025t203400_r1536_c0_w512_h512,0,0,0,262144,0.0,0.0,0.0,0.0,0,0,0,262144,0.0,0.0,0.0,0.0,0,9.408895492553711,0.8445704579353333,0.03569502383470535
ang20191025t205201_r7936_c0_w512_h512,0,0,0,262144,0.0,0.0,0.0,0.0,0,0,0,262144,0.0,0.0,0.0,0.0,0,8.522659301757812,0.8205951452255249,0.058080315589904785
ang20191025t205201_r12800_c0_w512_h512,0,0,0,262144,0.0,0.0,0.0,0.0,0,0,0,262144,0.0,0.0,0.0,0.0,0,6.63690185546875,0.5715584754943848,0.03965920954942703
ang20191025t205201_r3584_c0_w512_h512,0,155,0,261989,0.0,0.0,0.0,0.0,0,14,0,262130,0.0,0.0,0.0,0.0,141,36.158199310302734,1.2769749164581299,0.4940949082374573
ang20191025t205201_r7168_c0_w512_h512,0,0,0,262144,0.0,0.0,0.0,0.0,0,0,0,262144,0.0,0.0,0.0,0.0,0,9.413450241088867,1.0311381816864014,0.018094416707754135
ang20191018t144405_r2674_c436_w151_h151,2154,583,1017,258390,0.7869930580928023,0.6792809839167455,0.7291807718348003,0.5737879595098562,2172,449,999,258524,0.8286913391835178,0.684957426679281,0.75,0.6,406,25.487022399902344,0.9769076108932495,0.6044177412986755
ang20191018t163108_r14851_c525_w151_h151,3062,374,210,258498,0.8911525029103609,0.9358190709046454,0.9129397734048897,0.8398244651673067,2885,256,387,258616,0.9184972938554601,0.8817237163814181,0.8997349134570404,0.8177437641723356,311,17.21038246154785,1.4439290761947632,0.6706838011741638
ang20191018t141549_r3900_c244_w151_h151,44,0,316,261784,1.0,0.12222222222222222,0.21782178217821782,0.12222222222222222,271,161,89,261623,0.6273148148148148,0.7527777777777778,0.6843434343434343,0.5201535508637236,392,7.858625411987305,0.4740254878997803,0.5953651666641235
ang20191025t165545_r6573_c24_w151_h151,6468,1063,285,254328,0.858850086309919,0.9577965348733896,0.905628675441053,0.8275332650972365,6330,909,423,254482,0.8744301699129714,0.9373611728120835,0.9048027444253859,0.8261550509005482,324,10.335721969604492,0.7928107976913452,0.6580075025558472
ang20191018t190719_r2696_c420_w151_h151,3455,517,645,257527,0.8698388721047331,0.8426829268292683,0.856045589692765,0.7483214208360407,3214,213,886,257831,0.9378465129851182,0.7839024390243903,0.8539922944068024,0.7451889635984233,561,21.432008743286133,2.1394522190093994,0.6552286148071289
ang20191021t191828_r4300_c359_w151_h151,9193,871,146,251934,0.9134538950715422,0.984366634543313,0.9475854249342885,0.9003917727717924,9156,773,183,252032,0.9221472454426428,0.9804047542563443,0.9503840564666806,0.9054588607594937,287,10.426488876342773,1.2037323713302612,0.7882065773010254
ang20191018t181457_r4349_c389_w151_h151,980,430,28,260706,0.6950354609929078,0.9722222222222222,0.8105872622001654,0.6815020862308763,970,368,38,260768,0.7249626307922272,0.9623015873015873,0.8269394714407503,0.7049418604651163,76,10.189859390258789,0.9753929376602173,0.3933406174182892
ang20191018t165503_r2660_c460_w151_h151,13363,843,400,247538,0.9406588765310432,0.9709365690619778,0.9555579391469127,0.9148979871285773,13288,736,475,247645,0.9475185396463206,0.9654871757610985,0.9564184690682693,0.9164769984136837,270,9.97597885131836,0.8121944069862366,0.5908879041671753
ang20191018t190719_r1941_c33_w151_h151,1591,166,420,259967,0.9055207740466704,0.791148682247638,0.8444798301486198,0.7308222324299495,1273,64,738,260069,0.9521316379955124,0.6330183988065639,0.7604540023894863,0.6134939759036144,420,18.93379020690918,2.0575761795043945,0.8119993805885315
ang20191018t163108_r9758_c111_w151_h151,1487,1216,129,259312,0.5501294857565667,0.9201732673267327,0.6885853206760824,0.5250706214689266,1469,1177,147,259351,0.5551776266061981,0.9090346534653465,0.6893477240732051,0.5259577515216612,269,8.948505401611328,0.7679920196533203,0.5376690626144409
ang20191018t144405_r9715_c45_w151_h151,681,630,84,260749,0.5194508009153318,0.8901960784313725,0.6560693641618497,0.4881720430107527,683,418,82,260961,0.620345140781108,0.8928104575163399,0.7320471596998928,0.577345731191885,334,8.918424606323242,0.7176499366760254,0.47297483682632446
ang20191025t161146_r3244_c377_w151_h151,394,684,0,261066,0.3654916512059369,1.0,0.5353260869565217,0.3654916512059369,394,636,0,261114,0.3825242718446602,1.0,0.5533707865168539,0.3825242718446602,52,7.272088050842285,0.7726073265075684,0.39990660548210144
ang20191018t141549_r15184_c353_w151_h151,29,284,213,261618,0.0926517571884984,0.11983471074380166,0.1045045045045045,0.055133079847908745,39,159,203,261743,0.19696969696969696,0.16115702479338842,0.1772727272727273,0.09725685785536159,175,18.387474060058594,0.9162920713424683,0.3138067126274109
ang20191018t181457_r951_c373_w151_h151,1749,3583,73,256739,0.32801950487621906,0.95993413830955,0.488957226726307,0.32358926919518965,1714,2668,108,257654,0.3911455956184391,0.9407244785949506,0.5525467440361058,0.38173719376391985,1332,18.596351623535156,1.3654780387878418,0.6677647233009338
ang20191025t173025_r3336_c191_w151_h151,454,72,20,261598,0.8631178707224335,0.9578059071729957,0.9079999999999999,0.8315018315018315,414,43,60,261627,0.9059080962800875,0.8734177215189873,0.8893662728249195,0.8007736943907157,69,10.659257888793945,1.0165618658065796,0.4578994810581207
ang20191018t141549_r12667_c106_w151_h151,743,247,353,260801,0.7505050505050505,0.6779197080291971,0.7123681687440078,0.5532390171258377,343,105,753,260943,0.765625,0.31295620437956206,0.4443005181347151,0.28559533721898417,542,9.991788864135742,0.6970335245132446,0.6853361129760742
ang20191021t160052_r3543_c486_w151_h151,760,89,45,261250,0.8951707891637221,0.9440993788819876,0.9189842805320435,0.8501118568232662,763,102,42,261237,0.8820809248554913,0.9478260869565217,0.9137724550898203,0.8412348401323043,36,11.683035850524902,1.1078715324401855,0.3909681439399719
ang20191018t165503_r9679_c77_w151_h151,1553,591,31,259969,0.7243470149253731,0.9804292929292929,0.8331545064377682,0.7140229885057471,1519,575,65,259985,0.7254059216809933,0.9589646464646465,0.8259923871669386,0.7035664659564613,302,12.551506996154785,0.8273530602455139,0.7792387008666992
ang20191018t183859_r9782_c161_w151_h151,2412,374,743,258615,0.8657573582196698,0.7645007923930269,0.8119845143915165,0.6834797393029187,2337,275,818,258714,0.8947166921898928,0.740729001584786,0.8104733830414427,0.6813411078717201,192,8.203363418579102,0.7177304625511169,0.5021359920501709
ang20191018t160154_r4393_c66_w151_h151,1988,961,123,259072,0.6741268226517464,0.9417337754618664,0.7857707509881422,0.6471354166666666,1950,931,161,259102,0.6768483165567512,0.9237328280435813,0.78125,0.6410256410256411,524,12.255256652832031,0.8484499454498291,0.6993082165718079
ang20191018t190719_r17183_c16_w151_h151,227,44,14,261859,0.8376383763837638,0.941908713692946,0.88671875,0.7964912280701755,214,31,27,261872,0.8734693877551021,0.8879668049792531,0.8806584362139918,0.7867647058823529,26,9.493593215942383,0.8099299669265747,0.357074499130249
ang20191025t184057_r9464_c310_w151_h151,514,146,41,261443,0.7787878787878788,0.9261261261261261,0.8460905349794239,0.7332382310984308,480,115,75,261474,0.8067226890756303,0.8648648648648649,0.8347826086956522,0.7164179104477612,65,11.743764877319336,1.044622778892517,0.3612912595272064
ang20191021t163119_r10841_c319_w151_h151,30240,3503,966,227435,0.8961858755890111,0.9690444145356663,0.9311921661611419,0.8712437696274742,29969,3032,1237,227906,0.9081239962425381,0.960360187143498,0.933511922376065,0.8753139786202465,836,20.263683319091797,1.0919742584228516,0.7267261147499084
ang20191025t195446_r7552_c210_w151_h151,623,162,117,261242,0.7936305732484077,0.8418918918918918,0.8170491803278689,0.6906873614190687,618,142,122,261262,0.8131578947368421,0.8351351351351352,0.8240000000000001,0.7006802721088435,45,9.090818405151367,0.8298047780990601,0.575893759727478
ang20191018t190719_r9705_c38_w151_h151,885,550,29,260680,0.6167247386759582,0.9682713347921226,0.7535121328224776,0.6045081967213115,766,349,148,260881,0.6869955156950672,0.838074398249453,0.7550517496303596,0.6064924782264449,320,10.595952987670898,0.8711247444152832,0.6447708010673523
ang20191025t191752_r8652_c211_w151_h151,817,143,32,261152,0.8510416666666667,0.9623085983510011,0.9032614704256495,0.8235887096774194,794,105,55,261190,0.8832035595105673,0.9352179034157833,0.908466819221968,0.8322851153039832,63,14.022804260253906,1.0512797832489014,0.4155319035053253
ang20191025t171141_r4818_c323_w151_h151,303,35,842,260964,0.8964497041420119,0.2646288209606987,0.4086311530681052,0.25677966101694916,264,25,881,260974,0.9134948096885813,0.23056768558951965,0.3682008368200837,0.22564102564102564,65,27.207836151123047,1.329850196838379,0.34709563851356506
ang20191018t165503_r1960_c173_w151_h151,1512,1380,169,259083,0.5228215767634855,0.8994646044021416,0.6612726875136672,0.4939562234563868,1475,1095,206,259368,0.5739299610894941,0.8774538964901845,0.6939543636791343,0.5313400576368876,350,35.84280776977539,0.940796971321106,0.5897661447525024
ang20191021t181927_r7397_c149_w151_h151,2368,541,161,259074,0.8140254382949467,0.9363384737050218,0.8709084222140492,0.7713355048859935,2333,475,196,259140,0.8308404558404558,0.922499011466983,0.8742739366685403,0.7766311584553928,111,19.405506134033203,0.8514386415481567,0.5522971153259277
ang20191018t181457_r4453_c18_w151_h151,658,148,44,261294,0.8163771712158809,0.9373219373219374,0.8726790450928382,0.7741176470588236,644,123,58,261319,0.8396349413298566,0.9173789173789174,0.8767869298842751,0.7806060606060606,39,10.634117126464844,0.7774501442909241,0.42292532324790955
ang20191025t174619_r4703_c464_w151_h151,424,103,36,261581,0.8045540796963947,0.9217391304347826,0.8591691995947315,0.7531083481349912,413,81,47,261603,0.8360323886639676,0.8978260869565218,0.8658280922431866,0.7634011090573013,39,9.096494674682617,0.8406583070755005,0.4821182191371918
ang20191025t184057_r7188_c55_w151_h151,1980,390,176,259598,0.8354430379746836,0.9183673469387755,0.8749447635881573,0.7776904948939513,1936,345,220,259643,0.8487505480052608,0.8979591836734694,0.8726617083615056,0.7740903638544582,127,15.749629974365234,0.7912107706069946,0.5078219175338745
ang20191018t163108_r12692_c64_w151_h151,1556,105,925,259558,0.9367850692354004,0.6271664651350262,0.7513278609367456,0.6017014694508894,1237,70,1244,259593,0.946442234123948,0.49858927851672713,0.6531151003167899,0.4849078792630341,364,14.507577896118164,0.8731371164321899,0.4832543134689331
ang20191025t163632_r4943_c530_w151_h151,101,31,6,262006,0.7651515151515151,0.9439252336448598,0.8451882845188284,0.7318840579710145,97,22,10,262015,0.8151260504201681,0.9065420560747663,0.8584070796460177,0.751937984496124,15,15.841473579406738,0.9394258260726929,0.30168837308883667
ang20191018t163108_r2256_c265_w151_h151,380,2956,16,258792,0.11390887290167866,0.9595959595959596,0.20364415862808147,0.11336515513126491,374,2796,22,258952,0.11798107255520504,0.9444444444444444,0.20975883342680873,0.11716791979949874,170,46.79435729980469,1.0181971788406372,0.49598968029022217
ang20191025t171141_r10528_c126_w151_h151,310,60,351,261423,0.8378378378378378,0.4689863842662632,0.6013579049466538,0.42995839112343964,306,59,355,261424,0.8383561643835616,0.4629349470499244,0.5964912280701755,0.425,47,8.29364013671875,0.9423559308052063,0.3888965845108032
ang20191018t144405_r9492_c26_w151_h151,931,49,1465,259699,0.95,0.3885642737896494,0.5515402843601895,0.38077709611451943,981,55,1415,259693,0.946911196911197,0.40943238731218695,0.5716783216783217,0.40024479804161567,190,7.446319580078125,0.6855716705322266,0.506773054599762
ang20191025t185816_r5823_c32_w151_h151,170,2588,2,259384,0.06163886874546773,0.9883720930232558,0.11604095563139932,0.06159420289855073,161,2251,11,259721,0.06674958540630183,0.936046511627907,0.12461300309597526,0.06644655385885266,372,28.377681732177734,1.0683130025863647,0.4650568962097168
ang20191025t191752_r5843_c383_w151_h151,954,79,1676,259435,0.9235237173281704,0.36273764258555136,0.5208845208845209,0.3521594684385382,884,69,1746,259445,0.9275970619097587,0.3361216730038023,0.4934412503488697,0.32752871433864394,86,40.38143539428711,1.0829225778579712,0.3877698481082916
ang20191021t161810_r8807_c129_w151_h151,317,1866,0,259961,0.14521300961978928,1.0,0.2536,0.14521300961978928,317,1413,0,260414,0.18323699421965317,1.0,0.30972154372252075,0.18323699421965317,455,20.96588897705078,0.8153898119926453,0.6179327964782715
ang20191025t165545_r6394_c182_w151_h151,5543,506,4991,251104,0.9163498098859315,0.5262008733624454,0.6685159500693482,0.5020833333333333,5312,356,5222,251254,0.9371912491178547,0.5042718815264856,0.6557215158622391,0.48778696051423326,1909,11.087274551391602,1.0152403116226196,0.7122690677642822
ang20191025t184057_r3384_c231_w151_h151,875,175,51,261043,0.8333333333333334,0.9449244060475162,0.8856275303643725,0.7947320617620345,862,153,64,261065,0.8492610837438423,0.9308855291576674,0.8882019577537352,0.798887859128823,49,24.60659408569336,1.421579122543335,0.3275536596775055
ang20191025t173025_r6296_c170_w151_h151,33,3,98,262010,0.9166666666666666,0.25190839694656486,0.3952095808383233,0.2462686567164179,58,9,73,262004,0.8656716417910447,0.44274809160305345,0.5858585858585859,0.4142857142857143,31,12.422098159790039,1.0562920570373535,0.4104936420917511
ang20191025t182152_r2779_c154_w151_h151,159,29,47,261909,0.8457446808510638,0.7718446601941747,0.8071065989847717,0.676595744680851,152,24,54,261914,0.8636363636363636,0.7378640776699029,0.7958115183246073,0.6608695652173913,16,9.23183536529541,1.0517228841781616,0.22879144549369812
ang20191025t205201_r10416_c273_w151_h151,136,50,107,261851,0.7311827956989247,0.5596707818930041,0.6340326340326341,0.4641638225255973,129,31,114,261870,0.80625,0.5308641975308642,0.6401985111662531,0.4708029197080292,26,9.235681533813477,0.9598591327667236,0.3212766945362091
ang20191025t184057_r10465_c469_w151_h151,252,75,26,261791,0.7706422018348624,0.9064748201438849,0.8330578512396696,0.7138810198300283,251,71,27,261795,0.7795031055900621,0.9028776978417267,0.8366666666666666,0.7191977077363897,21,10.546058654785156,1.1376184225082397,0.4329635500907898
ang20191021t174954_r6967_c133_w151_h151,359,97,18,261670,0.7872807017543859,0.9522546419098143,0.8619447779111644,0.7573839662447257,352,86,25,261681,0.8036529680365296,0.9336870026525199,0.863803680981595,0.7602591792656588,32,9.074616432189941,0.7929293513298035,0.38758617639541626
ang20191021t161810_r10821_c7_w151_h151,17851,848,1221,242224,0.9546499812824215,0.9359794463087249,0.9452225252177596,0.8961345381526105,17619,671,1453,242401,0.9633132859486058,0.9238150167785235,0.9431507949253253,0.8924175657194955,467,8.976005554199219,0.8166731595993042,0.6438006162643433
ang20191018t172239_r9176_c327_w151_h151,88,94,84,261878,0.4835164835164835,0.5116279069767442,0.4971751412429378,0.3308270676691729,78,81,94,261891,0.49056603773584906,0.45348837209302323,0.4712990936555891,0.308300395256917,23,37.417293548583984,0.8240740299224854,0.567961573600769
ang20191025t184057_r3486_c136_w151_h151,811,164,115,261054,0.8317948717948718,0.8758099352051836,0.8532351394003156,0.7440366972477064,785,100,141,261118,0.8870056497175142,0.847732181425486,0.8669243511871895,0.7651072124756335,96,17.76449966430664,1.1335028409957886,0.4056239426136017
ang20191018t183859_r12712_c110_w151_h151,562,114,28,261440,0.8313609467455622,0.9525423728813559,0.8878357030015798,0.7982954545454546,548,89,42,261465,0.8602825745682888,0.9288135593220339,0.893235533822331,0.8070692194403535,49,21.377376556396484,1.2134723663330078,0.4495154619216919
ang20191021t184841_r5112_c321_w151_h151,383,96,25,261640,0.7995824634655533,0.9387254901960784,0.8635851183765502,0.7599206349206349,371,74,37,261662,0.8337078651685393,0.9093137254901961,0.8698710433763189,0.7697095435684648,36,13.184196472167969,1.1392550468444824,0.4973846971988678
ang20191025t182152_r2787_c361_w151_h151,153,34,53,261904,0.8181818181818182,0.7427184466019418,0.7786259541984734,0.6375,143,30,63,261908,0.8265895953757225,0.6941747572815534,0.7546174142480211,0.6059322033898306,28,11.817502975463867,0.8893023729324341,0.3820669651031494
ang20191018t174629_r4306_c191_w151_h151,0,584,111,261449,0.0,0.0,0.0,0.0,66,719,45,261314,0.0840764331210191,0.5945945945945946,0.14732142857142855,0.07951807228915662,251,22.187652587890625,1.270244836807251,0.6932559609413147
ang20191018t141549_r15614_c220_w151_h151,70,47,23,262004,0.5982905982905983,0.7526881720430108,0.6666666666666667,0.5,70,46,23,262005,0.603448275862069,0.7526881720430108,0.6698564593301435,0.5035971223021583,41,10.175355911254883,0.9159959554672241,0.46203678846359253
ang20191021t171902_r10143_c365_w151_h151,90,105,12,261937,0.46153846153846156,0.8823529411764706,0.606060606060606,0.43478260869565216,88,82,14,261960,0.5176470588235295,0.8627450980392157,0.6470588235294119,0.4782608695652174,25,12.091928482055664,0.9863520264625549,0.3675505220890045
ang20191025t173025_r4707_c55_w151_h151,92,168,30,261854,0.35384615384615387,0.7540983606557377,0.4816753926701571,0.31724137931034485,86,160,36,261862,0.34959349593495936,0.7049180327868853,0.46739130434782605,0.3049645390070922,14,21.98511505126953,1.0228767395019531,0.3964494466781616
ang20191018t153724_r16912_c149_w151_h151,205,50,358,261531,0.803921568627451,0.3641207815275311,0.5012224938875306,0.33442088091353994,136,45,427,261536,0.7513812154696132,0.24156305506216696,0.3655913978494624,0.2236842105263158,98,8.746685028076172,0.7348030209541321,0.5385111570358276
ang20191018t174629_r7608_c507_w151_h151,147,31,49,261917,0.8258426966292135,0.75,0.7860962566844919,0.6475770925110133,178,91,18,261857,0.6617100371747212,0.9081632653061225,0.7655913978494623,0.6202090592334495,95,48.354820251464844,0.8865708112716675,0.46015840768814087
ang20191025t205201_r11171_c318_w151_h151,96,493,0,261555,0.16298811544991512,1.0,0.28029197080291973,0.16298811544991512,88,284,8,261764,0.23655913978494625,0.9166666666666666,0.376068376068376,0.23157894736842105,217,11.665305137634277,1.28776216506958,0.41528674960136414
ang20191025t193513_r5930_c534_w151_h151,54,42,74,261974,0.5625,0.421875,0.48214285714285715,0.3176470588235294,79,27,49,261989,0.7452830188679245,0.6171875,0.6752136752136751,0.5096774193548387,48,36.04399490356445,0.9730846285820007,0.5044708251953125
ang20191021t184841_r1071_c144_w151_h151,141,39,17,261947,0.7833333333333333,0.8924050632911392,0.8343195266272189,0.7157360406091371,137,33,21,261953,0.8058823529411765,0.8670886075949367,0.8353658536585367,0.7172774869109948,12,15.558405876159668,1.022167444229126,0.30803272128105164
ang20191021t154726_r3595_c76_w151_h151,948,1308,0,259888,0.42021276595744683,1.0,0.5917602996254682,0.42021276595744683,948,1232,0,259964,0.43486238532110094,1.0,0.6061381074168798,0.43486238532110094,88,8.195581436157227,0.8050572872161865,0.5792371034622192
ang20191025t203400_r1012_c227_w151_h151,43,6,24,262071,0.8775510204081632,0.6417910447761194,0.7413793103448276,0.589041095890411,57,12,10,262065,0.8260869565217391,0.8507462686567164,0.838235294117647,0.7215189873417721,20,6.465610504150391,0.8158212900161743,0.3557147979736328
ang20191021t184841_r5835_c175_w151_h151,222,103,28,261791,0.683076923076923,0.888,0.7721739130434782,0.6288951841359773,215,71,35,261823,0.7517482517482518,0.86,0.8022388059701492,0.6697819314641744,67,13.526948928833008,0.8726009130477905,0.43738019466400146
ang20191018t144405_r1980_c150_w151_h151,213,185,269,261477,0.535175879396985,0.44190871369294604,0.48409090909090907,0.3193403298350825,213,249,269,261413,0.461038961038961,0.44190871369294604,0.451271186440678,0.2913816689466484,104,23.30020523071289,1.0536189079284668,0.39071008563041687
ang20191025t182152_r10313_c122_w151_h151,331,59,47,261707,0.8487179487179487,0.8756613756613757,0.8619791666666666,0.7574370709382151,315,42,63,261724,0.8823529411764706,0.8333333333333334,0.8571428571428571,0.75,33,30.803730010986328,1.1992605924606323,0.31221356987953186
ang20191021t163119_r8833_c523_w151_h151,796,138,73,261137,0.8522483940042827,0.9159953970080552,0.8829728230726567,0.7904667328699106,805,116,64,261159,0.8740499457111836,0.9263521288837745,0.899441340782123,0.817258883248731,47,32.84708786010742,0.8473184704780579,0.5313622951507568
ang20191025t191752_r5942_c143_w151_h151,410,111,57,261566,0.7869481765834933,0.8779443254817987,0.8299595141700404,0.7093425605536332,402,83,65,261594,0.8288659793814434,0.860813704496788,0.8445378151260504,0.730909090909091,36,25.30240249633789,0.9015594720840454,0.4247957468032837
ang20191018t183859_r11284_c292_w151_h151,58,22,8,262056,0.725,0.8787878787878788,0.7945205479452054,0.6590909090909091,54,21,12,262057,0.72,0.8181818181818182,0.7659574468085107,0.6206896551724138,7,12.039118766784668,1.169382929801941,0.3161495625972748
ang20191025t193513_r11288_c25_w151_h151,100,34,2,262008,0.746268656716418,0.9803921568627451,0.847457627118644,0.7352941176470589,97,25,5,262017,0.7950819672131147,0.9509803921568627,0.8660714285714285,0.7637795275590551,12,10.634321212768555,0.86990886926651,0.3518170416355133
ang20191025t195446_r6606_c89_w151_h151,137,49,29,261929,0.7365591397849462,0.8253012048192772,0.7784090909090909,0.6372093023255814,130,35,36,261943,0.7878787878787878,0.7831325301204819,0.7854984894259818,0.6467661691542289,21,8.232322692871094,0.8445183634757996,0.3205379545688629
ang20191021t184841_r7454_c343_w151_h151,226,73,201,261644,0.7558528428093646,0.5292740046838408,0.6225895316804408,0.452,218,67,209,261650,0.7649122807017544,0.5105386416861827,0.6123595505617978,0.44129554655870445,30,37.41524887084961,1.197394609451294,0.4229748249053955
ang20191021t184841_r7107_c486_w151_h151,174,33,6,261931,0.8405797101449275,0.9666666666666667,0.8992248062015503,0.8169014084507042,172,23,8,261941,0.882051282051282,0.9555555555555556,0.9173333333333333,0.8472906403940886,14,28.184524536132812,0.8494560718536377,0.6362580060958862
ang20191018t153724_r7632_c466_w151_h151,10,3,33,262098,0.7692307692307693,0.23255813953488372,0.3571428571428571,0.21739130434782608,34,10,9,262091,0.7727272727272727,0.7906976744186046,0.7816091954022988,0.6415094339622641,31,9.141519546508789,0.8101776838302612,0.44993340969085693
ang20191021t163119_r10989_c389_w151_h151,8880,918,3895,248451,0.906307409675444,0.6951076320939334,0.7867806671687413,0.6485065361863726,8987,766,3788,248603,0.9214600635701835,0.7034833659491194,0.7978515625000001,0.6636880584890333,741,11.333503723144531,0.7566185593605042,0.5182295441627502
ang20191018t165503_r11460_c337_w151_h151,0,154,26,261964,0.0,0.0,0.0,0.0,0,229,26,261889,0.0,0.0,0.0,0.0,87,11.873371124267578,1.0437284708023071,0.4912283420562744
ang20191018t165503_r1966_c129_w151_h151,1405,1523,54,259162,0.4798497267759563,0.9629883481836875,0.640528835194894,0.47116029510395707,1375,1320,84,259365,0.5102040816326531,0.9424263193968472,0.6620125180548868,0.49478229578985244,265,30.20888900756836,1.0091174840927124,0.5326749086380005
ang20191021t161810_r3990_c214_w151_h151,799,1356,80,259909,0.3707656612529002,0.9089874857792947,0.5266974291364536,0.3574944071588367,787,1407,92,259858,0.35870556061987235,0.8953356086461889,0.5122030589000977,0.3442694663167104,251,11.462699890136719,0.678674578666687,0.33852797746658325
ang20191018t183859_r7764_c98_w151_h151,55,9,40,262040,0.859375,0.5789473684210527,0.6918238993710693,0.5288461538461539,22,4,73,262045,0.8461538461538461,0.23157894736842105,0.36363636363636365,0.2222222222222222,42,27.769119262695312,1.0348423719406128,0.32620126008987427
ang20191025t174619_r5000_c216_w151_h151,180,40,45,261879,0.8181818181818182,0.8,0.8089887640449439,0.6792452830188679,163,37,62,261882,0.815,0.7244444444444444,0.7670588235294118,0.6221374045801527,24,43.518070220947266,1.63134765625,0.31454771757125854
ang20191021t183204_r8292_c93_w151_h151,354,137,242,261411,0.7209775967413442,0.5939597315436241,0.6513339466421343,0.4829467939972715,371,117,225,261431,0.7602459016393442,0.62248322147651,0.6845018450184501,0.520336605890603,85,25.731578826904297,1.3761682510375977,0.3926307260990143
ang20191021t183204_r7070_c151_w151_h151,359,42,260,261483,0.8952618453865336,0.5799676898222941,0.703921568627451,0.5431164901664145,353,53,266,261472,0.8694581280788177,0.5702746365105008,0.6887804878048781,0.5252976190476191,47,19.627281188964844,0.9310791492462158,0.4526488184928894
ang20191021t173221_r8677_c419_w151_h151,426,80,38,261600,0.841897233201581,0.9181034482758621,0.8783505154639175,0.7830882352941176,392,56,72,261624,0.875,0.8448275862068966,0.8596491228070176,0.7538461538461538,58,12.376649856567383,0.9605935215950012,0.4303736090660095
ang20191025t171141_r8873_c372_w151_h151,113,94,10,261927,0.5458937198067633,0.9186991869918699,0.6848484848484848,0.5207373271889401,114,74,9,261947,0.6063829787234043,0.926829268292683,0.7331189710610932,0.5786802030456852,21,42.45874786376953,1.102466344833374,0.1937432438135147
ang20191021t154726_r9012_c276_w151_h151,186,33,30,261895,0.8493150684931506,0.8611111111111112,0.8551724137931035,0.7469879518072289,170,16,46,261912,0.9139784946236559,0.7870370370370371,0.8457711442786069,0.7327586206896551,37,18.176597595214844,0.9900426864624023,0.4598188102245331
ang20191018t183859_r15671_c209_w151_h151,168,58,62,261856,0.7433628318584071,0.7304347826086957,0.736842105263158,0.5833333333333334,166,48,64,261866,0.7757009345794392,0.7217391304347827,0.7477477477477478,0.5971223021582733,20,11.653169631958008,0.9390871524810791,0.24759441614151
ang20191025t191752_r9839_c105_w151_h151,217,2094,10,259823,0.0938987451319775,0.9559471365638766,0.17100078802206461,0.0934941835415769,210,2153,17,259764,0.08887008040626322,0.9251101321585903,0.16216216216216214,0.08823529411764706,156,18.023521423339844,0.9138219356536865,0.3979075253009796
ang20191021t183204_r7413_c7_w151_h151,362,67,11,261704,0.8438228438228438,0.9705093833780161,0.9027431421446385,0.8227272727272728,351,46,22,261725,0.8841309823677582,0.9410187667560321,0.9116883116883117,0.837708830548926,32,22.00997543334961,1.0023139715194702,0.40036827325820923
ang20191021t194835_r9149_c236_w151_h151,150,33,17,261944,0.819672131147541,0.8982035928143712,0.8571428571428572,0.75,149,27,18,261950,0.8465909090909091,0.8922155688622755,0.8688046647230322,0.7680412371134021,11,47.425392150878906,1.467292070388794,0.39232999086380005
ang20191021t174954_r6623_c170_w151_h151,0,0,52,262092,0.0,0.0,0.0,0.0,0,0,52,262092,0.0,0.0,0.0,0.0,0,9.831750869750977,0.832159698009491,0.2058756947517395
ang20191025t185816_r9590_c99_w151_h151,0,98,30,262016,0.0,0.0,0.0,0.0,0,57,30,262057,0.0,0.0,0.0,0.0,55,11.257452011108398,1.4020949602127075,0.3841479420661926
ang20191025t195446_r5631_c208_w151_h151,0,0,16,262128,0.0,0.0,0.0,0.0,0,11,16,262117,0.0,0.0,0.0,0.0,11,34.286983489990234,1.8047997951507568,0.36853793263435364
ang20191021t174954_r10250_c171_w151_h151,168,1825,8,260143,0.08429503261414953,0.9545454545454546,0.15491009681881052,0.08395802098950525,164,1667,12,260301,0.08956854178044785,0.9318181818181818,0.16342800199302443,0.08898534997287032,334,9.697427749633789,0.715383768081665,0.49325504899024963
ang20191018t183859_r4431_c310_w151_h151,9,0,20,262115,1.0,0.3103448275862069,0.4736842105263158,0.3103448275862069,16,5,13,262110,0.7619047619047619,0.5517241379310345,0.64,0.47058823529411764,12,10.195297241210938,0.918108344078064,0.2014874517917633
ang20191018t183859_r8656_c395_w151_h151,215,46,104,261779,0.8237547892720306,0.6739811912225705,0.7413793103448275,0.589041095890411,220,50,99,261775,0.8148148148148148,0.6896551724137931,0.7470288624787776,0.5962059620596206,17,9.326800346374512,0.6435883641242981,0.14338070154190063
ang20191021t184841_r2194_c463_w151_h151,109,29,9,261997,0.7898550724637681,0.923728813559322,0.8515625,0.7414965986394558,104,35,14,261991,0.7482014388489209,0.8813559322033898,0.8093385214007781,0.6797385620915033,11,33.01116943359375,0.7473682165145874,0.2148561179637909
ang20191025t182152_r11770_c188_w151_h151,124,8,173,261839,0.9393939393939394,0.4175084175084175,0.5780885780885782,0.4065573770491803,117,28,180,261819,0.8068965517241379,0.3939393939393939,0.5294117647058822,0.36,31,12.493505477905273,1.1661036014556885,0.3833009898662567
ang20191021t173221_r8662_c163_w151_h151,43,3,21,262077,0.9347826086956522,0.671875,0.7818181818181819,0.6417910447761194,54,7,10,262073,0.8852459016393442,0.84375,0.864,0.7605633802816901,17,12.266883850097656,1.1709394454956055,0.4102019667625427
ang20191021t180251_r7753_c178_w151_h151,202,43,12,261887,0.8244897959183674,0.9439252336448598,0.8801742919389979,0.7859922178988327,197,29,17,261901,0.8716814159292036,0.9205607476635514,0.8954545454545455,0.8106995884773662,19,15.061763763427734,1.003875970840454,0.3950038254261017
ang20191021t171902_r3493_c509_w151_h151,87,15,11,262031,0.8529411764705882,0.8877551020408163,0.87,0.7699115044247787,88,14,10,262032,0.8627450980392157,0.8979591836734694,0.8799999999999999,0.7857142857142857,8,11.60468864440918,0.7693151235580444,0.31567496061325073
ang20191021t190136_r7840_c242_w151_h151,395,107,54,261588,0.7868525896414342,0.8797327394209354,0.8307045215562565,0.710431654676259,328,65,121,261630,0.8346055979643766,0.7305122494432071,0.7790973871733967,0.6381322957198443,133,41.753414154052734,0.9569912552833557,0.5324742197990417
ang20191021t191828_r9920_c548_w151_h151,142,17,12,261973,0.8930817610062893,0.922077922077922,0.9073482428115016,0.8304093567251462,135,17,19,261973,0.8881578947368421,0.8766233766233766,0.8823529411764706,0.7894736842105263,13,46.128360748291016,0.8328445553779602,0.3398808538913727
ang20191021t180251_r6898_c354_w151_h151,138,30,12,261964,0.8214285714285714,0.92,0.8679245283018867,0.7666666666666667,136,28,14,261966,0.8292682926829268,0.9066666666666666,0.8662420382165605,0.7640449438202247,6,45.48659896850586,0.8899902105331421,0.4980364739894867
ang20191025t205201_r6175_c87_w151_h151,0,0,8,262136,0.0,0.0,0.0,0.0,0,0,8,262136,0.0,0.0,0.0,0.0,0,8.663656234741211,0.8652492165565491,0.10005134344100952
ang20191021t174954_r8450_c592_w151_h151,0,82,81,261981,0.0,0.0,0.0,0.0,0,125,81,261938,0.0,0.0,0.0,0.0,43,10.164212226867676,0.8205058574676514,0.2735149562358856
ang20191021t183204_r6003_c519_w151_h151,257,155,20,261712,0.6237864077669902,0.927797833935018,0.7460087082728593,0.5949074074074074,253,128,24,261739,0.6640419947506562,0.9133574007220217,0.7689969604863222,0.6246913580246913,41,10.410816192626953,0.7600977420806885,0.31892991065979004
ang20191025t195446_r13089_c251_w151_h151,29,12,14,262089,0.7073170731707317,0.6744186046511628,0.6904761904761904,0.5272727272727272,30,10,13,262091,0.75,0.6976744186046512,0.7228915662650603,0.5660377358490566,3,11.217878341674805,1.2938882112503052,0.2833000123500824
ang20191025t195446_r12489_c497_w151_h151,0,0,53,262091,0.0,0.0,0.0,0.0,0,0,53,262091,0.0,0.0,0.0,0.0,0,9.507486343383789,0.8202619552612305,0.20506598055362701
ang20191021t174954_r10300_c437_w151_h151,110,29,50,261955,0.7913669064748201,0.6875,0.7357859531772575,0.582010582010582,106,20,54,261964,0.8412698412698413,0.6625,0.7412587412587412,0.5888888888888889,13,10.570743560791016,0.8577786087989807,0.2814502716064453
ang20191018t165503_r2879_c215_w151_h151,701,130,103,261210,0.8435619735258725,0.8718905472636815,0.857492354740061,0.7505353319057816,748,339,56,261001,0.6881324747010119,0.9303482587064676,0.7911158117398203,0.6544181977252843,398,23.95920181274414,0.9469667077064514,0.7466161251068115
ang20191025t185816_r3392_c513_w151_h151,431,10,714,260989,0.9773242630385488,0.3764192139737991,0.5435056746532156,0.37316017316017314,440,9,705,260990,0.9799554565701559,0.38427947598253276,0.5520702634880804,0.38128249566724437,28,11.909339904785156,0.9454947113990784,0.3639180660247803
ang20191021t174954_r7671_c297_w151_h151,96,40,6,262002,0.7058823529411765,0.9411764705882353,0.8067226890756304,0.676056338028169,90,19,12,262023,0.8256880733944955,0.8823529411764706,0.8530805687203792,0.743801652892562,27,12.48881721496582,0.8684988617897034,0.43087878823280334
ang20191025t193513_r11161_c353_w151_h151,87,16,86,261955,0.8446601941747572,0.5028901734104047,0.6304347826086957,0.4603174603174603,71,9,102,261962,0.8875,0.41040462427745666,0.5612648221343874,0.3901098901098901,23,12.206296920776367,0.8389413952827454,0.22688545286655426
ang20191018t174629_r3845_c306_w151_h151,0,247,54,261843,0.0,0.0,0.0,0.0,0,218,54,261872,0.0,0.0,0.0,0.0,71,34.578243255615234,1.4789124727249146,0.44689443707466125
ang20191025t195446_r13044_c34_w151_h151,15,1,28,262100,0.9375,0.3488372093023256,0.5084745762711865,0.3409090909090909,26,4,17,262097,0.8666666666666667,0.6046511627906976,0.7123287671232877,0.5531914893617021,14,11.535062789916992,0.9560291171073914,0.22164738178253174
ang20191018t183859_r13616_c304_w151_h151,0,0,7,262137,0.0,0.0,0.0,0.0,0,0,7,262137,0.0,0.0,0.0,0.0,0,10.606440544128418,1.0889654159545898,0.014592057093977928
ang20191018t183859_r1571_c261_w151_h151,14,1983,3,260144,0.007010515773660491,0.8235294117647058,0.013902681231380339,0.007,13,1647,4,260480,0.00783132530120482,0.7647058823529411,0.01550387596899225,0.0078125,337,35.8309326171875,1.0496445894241333,0.3265998661518097
ang20191021t170142_r3494_c185_w151_h151,142,25,41,261936,0.8502994011976048,0.7759562841530054,0.8114285714285715,0.6826923076923077,110,20,73,261941,0.8461538461538461,0.6010928961748634,0.7028753993610224,0.541871921182266,37,17.205028533935547,0.8688426613807678,0.2548969089984894
ang20191018t181457_r9197_c354_w151_h151,181,50,24,261889,0.7835497835497836,0.8829268292682927,0.8302752293577983,0.7098039215686275,168,35,37,261904,0.8275862068965517,0.8195121951219512,0.8235294117647058,0.7,30,24.357696533203125,1.1772005558013916,0.22608068585395813
ang20191018t165503_r13209_c119_w151_h151,103,17,341,261683,0.8583333333333333,0.23198198198198197,0.3652482269503545,0.22342733188720174,92,39,352,261661,0.7022900763358778,0.2072072072072072,0.31999999999999995,0.19047619047619047,47,16.211193084716797,1.759816288948059,0.4296567440032959
ang20191021t153008_r8243_c183_w151_h151,381,84,12,261667,0.8193548387096774,0.9694656488549618,0.8881118881118881,0.7987421383647799,371,69,22,261682,0.8431818181818181,0.9440203562340967,0.8907563025210085,0.803030303030303,29,17.314693450927734,1.1068358421325684,0.5587903261184692
ang20191021t194835_r7213_c218_w151_h151,65,19,7,262053,0.7738095238095238,0.9027777777777778,0.8333333333333333,0.7142857142857143,63,18,9,262054,0.7777777777777778,0.875,0.823529411764706,0.7,11,9.576139450073242,1.047845482826233,0.4538038969039917
ang20191025t191752_r5281_c191_w151_h151,0,0,40,262104,0.0,0.0,0.0,0.0,0,0,40,262104,0.0,0.0,0.0,0.0,0,27.35114288330078,1.5329235792160034,0.2201753556728363
ang20191021t153008_r2876_c296_w151_h151,928,1134,309,259773,0.45004849660523766,0.7502021018593371,0.5625947256744468,0.39139603542808943,935,1269,302,259638,0.4242286751361162,0.7558609539207761,0.5434466724789306,0.3731045490822027,304,8.512582778930664,0.7242079377174377,0.5124962329864502
ang20191021t181927_r6019_c105_w151_h151,296,60,17,261771,0.8314606741573034,0.9456869009584664,0.8849028400597906,0.7935656836461126,295,51,18,261780,0.8526011560693642,0.9424920127795527,0.8952959028831563,0.8104395604395604,12,12.201675415039062,0.9251705408096313,0.38147199153900146
ang20191025t195446_r7025_c79_w151_h151,0,0,53,262091,0.0,0.0,0.0,0.0,0,0,53,262091,0.0,0.0,0.0,0.0,0,7.405376434326172,0.8366218209266663,0.05359460413455963
ang20191018t153724_r7214_c341_w151_h151,181,211,41,261711,0.461734693877551,0.8153153153153153,0.5895765472312703,0.418013856812933,170,100,52,261822,0.6296296296296297,0.7657657657657657,0.6910569105691057,0.5279503105590062,126,20.86813735961914,1.025684118270874,0.5068835616111755
ang20191021t183204_r2919_c133_w151_h151,19,1,12,262112,0.95,0.6129032258064516,0.7450980392156863,0.59375,20,4,11,262109,0.8333333333333334,0.6451612903225806,0.7272727272727272,0.5714285714285714,4,16.447490692138672,1.0164133310317993,0.6223565340042114
ang20191018t174629_r6767_c366_w151_h151,0,0,70,262074,0.0,0.0,0.0,0.0,0,2,70,262072,0.0,0.0,0.0,0.0,2,21.153491973876953,0.8929243087768555,0.3103959560394287
ang20191021t163119_r7802_c11_w151_h151,238,61,81,261764,0.7959866220735786,0.7460815047021944,0.7702265372168285,0.6263157894736842,218,37,101,261788,0.8549019607843137,0.6833855799373041,0.7595818815331011,0.6123595505617978,46,15.145452499389648,1.0429949760437012,0.4113927483558655
ang20191021t173221_r4208_c335_w151_h151,11,1,7,262125,0.9166666666666666,0.6111111111111112,0.7333333333333334,0.5789473684210527,16,3,2,262123,0.8421052631578947,0.8888888888888888,0.8648648648648649,0.7619047619047619,7,34.65440368652344,0.7196646332740784,0.3556869328022003
ang20191018t181457_r14833_c352_w151_h151,51,20,3,262070,0.7183098591549296,0.9444444444444444,0.816,0.6891891891891891,50,17,4,262073,0.746268656716418,0.9259259259259259,0.8264462809917356,0.704225352112676,4,11.842631340026855,0.8693370819091797,0.19204296171665192
ang20191021t154726_r8306_c43_w151_h151,448,94,75,261527,0.8265682656826568,0.8565965583173997,0.8413145539906104,0.7260940032414911,441,124,82,261497,0.7805309734513274,0.8432122370936902,0.8106617647058822,0.6816074188562596,45,12.178714752197266,0.9933152198791504,0.4848327040672302
ang20191021t183204_r8165_c369_w151_h151,116,58,3,261967,0.6666666666666666,0.9747899159663865,0.7918088737201364,0.655367231638418,113,45,6,261980,0.7151898734177216,0.9495798319327731,0.815884476534296,0.6890243902439024,16,45.03066635131836,1.3122000694274902,0.2273104190826416
ang20191025t185816_r3570_c516_w151_h151,427,46,420,261251,0.9027484143763214,0.5041322314049587,0.6469696969696969,0.47816349384098544,418,42,429,261255,0.908695652173913,0.4935064935064935,0.6396327467482784,0.4701912260967379,13,13.69176197052002,0.9766345024108887,0.27461808919906616
ang20191018t183859_r16730_c458_w151_h151,66,44,20,262014,0.6,0.7674418604651163,0.673469387755102,0.5076923076923077,65,39,21,262019,0.625,0.7558139534883721,0.6842105263157895,0.52,6,11.730238914489746,1.1320061683654785,0.1885145604610443
ang20191021t154726_r10373_c98_w151_h151,138,263,12,261731,0.34413965087281795,0.92,0.500907441016334,0.3341404358353511,137,137,13,261857,0.5,0.9133333333333333,0.6462264150943396,0.47735191637630664,135,15.662073135375977,1.3057873249053955,0.2706061601638794
ang20191021t161810_r3297_c150_w151_h151,136,34,23,261951,0.8,0.8553459119496856,0.8267477203647416,0.7046632124352331,113,16,46,261969,0.875968992248062,0.710691823899371,0.7847222222222223,0.6457142857142857,41,25.223186492919922,0.9955586791038513,0.2729150652885437
ang20191021t183204_r9164_c171_w151_h151,39,30,3,262072,0.5652173913043478,0.9285714285714286,0.7027027027027025,0.5416666666666666,40,26,2,262076,0.6060606060606061,0.9523809523809523,0.7407407407407407,0.5882352941176471,13,10.02504825592041,1.0981582403182983,0.34199509024620056
ang20191021t163119_r3808_c462_w151_h151,10,1046,156,260932,0.00946969696969697,0.060240963855421686,0.01636661211129296,0.00825082508250825,33,660,133,261318,0.047619047619047616,0.19879518072289157,0.07683352735739232,0.039951573849878935,415,10.410807609558105,0.7930569648742676,0.5453734993934631
ang20191021t154726_r2551_c317_w151_h151,321,133,5,261685,0.7070484581497798,0.9846625766871165,0.8230769230769232,0.6993464052287581,316,105,10,261713,0.7505938242280285,0.9693251533742331,0.8460508701472557,0.7331786542923434,41,10.434209823608398,0.7382171154022217,0.48204296827316284
ang20191021t180251_r10173_c407_w151_h151,0,278,48,261818,0.0,0.0,0.0,0.0,0,137,48,261959,0.0,0.0,0.0,0.0,153,14.15576171875,0.8525802493095398,0.33627593517303467
ang20191021t153008_r2518_c8_w151_h151,586,1213,31,260314,0.3257365202890495,0.9497568881685575,0.4850993377483444,0.32021857923497266,567,1333,50,260194,0.2984210526315789,0.9189627228525121,0.45053635280095344,0.2907692307692308,291,8.257981300354004,0.6635299324989319,0.5631082653999329
ang20191025t185816_r10288_c294_w151_h151,0,5,26,262113,0.0,0.0,0.0,0.0,0,9,26,262109,0.0,0.0,0.0,0.0,4,23.185588836669922,1.2301808595657349,0.17964893579483032
ang20191021t194835_r10970_c92_w151_h151,164,33,197,261750,0.8324873096446701,0.45429362880886426,0.5878136200716846,0.41624365482233505,325,51,36,261732,0.8643617021276596,0.9002770083102493,0.8819538670284939,0.7888349514563107,179,9.206003189086914,0.9605374932289124,0.6005032062530518
ang20191021t153008_r4646_c236_w151_h151,1387,579,426,259752,0.7054933875890133,0.7650303364589078,0.7340566287377613,0.5798494983277592,1335,709,478,259622,0.6531311154598826,0.7363485934914507,0.69224786103189,0.5293417922283902,396,9.784502983093262,0.82763671875,0.6884161233901978
ang20191021t180251_r10725_c23_w151_h151,177,102,71,261794,0.6344086021505376,0.7137096774193549,0.6717267552182163,0.5057142857142857,166,77,82,261819,0.6831275720164609,0.6693548387096774,0.6761710794297352,0.5107692307692308,38,10.467672348022461,0.8019612431526184,0.278972327709198
ang20191018t183859_r15446_c375_w151_h151,183,84,47,261830,0.6853932584269663,0.7956521739130434,0.7364185110663983,0.5828025477707006,178,86,52,261828,0.6742424242424242,0.7739130434782608,0.720647773279352,0.5632911392405063,23,10.764961242675781,0.9921149015426636,0.20747655630111694
ang20191021t184841_r8326_c425_w151_h151,507,543,271,260823,0.4828571428571429,0.6516709511568124,0.5547045951859956,0.3838001514004542,489,506,289,260860,0.4914572864321608,0.62853470437018,0.5516074450084602,0.3808411214953271,67,41.12185287475586,1.1420667171478271,0.40247613191604614
ang20191021t163119_r8232_c64_w151_h151,119,45,33,261947,0.725609756097561,0.7828947368421053,0.7531645569620253,0.6040609137055838,118,48,34,261944,0.7108433734939759,0.7763157894736842,0.7421383647798742,0.59,20,23.903057098388672,1.205980658531189,0.23920941352844238
ang20191021t164905_r9972_c178_w151_h151,123,3623,302,258096,0.03283502402562734,0.28941176470588237,0.05897866219132103,0.030385375494071148,322,3115,103,258604,0.09368635437881874,0.7576470588235295,0.1667529777317452,0.09096045197740113,879,38.11623001098633,0.8284878730773926,0.6655324101448059
ang20191018t183859_r3359_c292_w151_h151,61,3,84,261996,0.953125,0.4206896551724138,0.583732057416268,0.41216216216216217,52,3,93,261996,0.9454545454545454,0.3586206896551724,0.52,0.35135135135135137,9,36.00672912597656,0.9648197293281555,0.19466537237167358
ang20191021t161810_r3823_c46_w151_h151,745,1848,134,259417,0.2873119938295411,0.8475540386803185,0.42914746543778803,0.2731939860652732,779,1993,100,259272,0.281024531024531,0.8862343572241184,0.42673240208162144,0.27123955431754876,429,8.904438018798828,0.6391841173171997,0.46280983090400696
ang20191021t153008_r8433_c459_w151_h151,390,83,18,261653,0.8245243128964059,0.9558823529411765,0.8853575482406356,0.7942973523421588,391,88,17,261648,0.8162839248434238,0.9583333333333334,0.8816234498308907,0.7883064516129032,26,35.11223602294922,0.8867273330688477,0.28526145219802856
ang20191021t193145_r7745_c179_w151_h151,116,30,3,261995,0.7945205479452054,0.9747899159663865,0.8754716981132075,0.7785234899328859,114,24,5,262001,0.8260869565217391,0.957983193277311,0.88715953307393,0.7972027972027972,12,16.952003479003906,0.5853673219680786,0.23531782627105713
ang20191021t183204_r8179_c85_w151_h151,156,417,16,261555,0.27225130890052357,0.9069767441860465,0.41879194630872485,0.26485568760611206,151,392,21,261580,0.27808471454880296,0.877906976744186,0.4223776223776224,0.26773049645390073,64,37.00743103027344,1.3090239763259888,0.43123146891593933
ang20191021t184841_r8215_c417_w151_h151,911,166,500,260567,0.8458681522748375,0.6456413890857547,0.732315112540193,0.5776791376030438,892,141,519,260592,0.8635043562439496,0.6321757618710134,0.7299509001636661,0.5747422680412371,68,41.684669494628906,1.0964956283569336,0.3164489269256592
ang20191021t171902_r10628_c423_w151_h151,0,0,44,262100,0.0,0.0,0.0,0.0,0,0,44,262100,0.0,0.0,0.0,0.0,0,10.349027633666992,0.7594026923179626,0.137929305434227
ang20191018t183859_r15633_c372_w151_h151,168,48,62,261866,0.7777777777777778,0.7304347826086957,0.7533632286995515,0.60431654676259,163,40,67,261874,0.8029556650246306,0.7086956521739131,0.7528868360277137,0.6037037037037037,15,14.179990768432617,1.1137398481369019,0.18550920486450195
ang20191021t180251_r9355_c302_w151_h151,59,20,7,262058,0.7468354430379747,0.8939393939393939,0.8137931034482758,0.686046511627907,59,19,7,262059,0.7564102564102564,0.8939393939393939,0.8194444444444444,0.6941176470588235,7,46.29767990112305,1.2766603231430054,0.29067113995552063
ang20191021t153008_r4804_c289_w151_h151,1234,783,705,259422,0.6117997025285077,0.6364105208870552,0.6238624873609707,0.4533431300514328,1176,733,763,259472,0.6160293347302253,0.6064981949458483,0.6112266112266111,0.44011976047904194,316,10.839808464050293,0.7055344581604004,0.4398517608642578
ang20191018t172239_r5618_c276_w151_h151,0,5,0,262139,0.0,0.0,0.0,0.0,0,4,0,262140,0.0,0.0,0.0,0.0,3,46.194862365722656,1.6296412944793701,0.15753629803657532
ang20191021t164905_r10652_c11_w151_h151,102,3631,20,258391,0.027323868202518083,0.8360655737704918,0.0529182879377432,0.02717825739408473,101,5244,21,256778,0.01889616463985033,0.8278688524590164,0.036948966526431315,0.018822213939619827,3468,12.149185180664062,0.936843752861023,0.8832114934921265
ang20191021t181927_r10749_c356_w151_h151,91,132,5,261916,0.4080717488789238,0.9479166666666666,0.5705329153605015,0.3991228070175439,90,143,6,261905,0.38626609442060084,0.9375,0.547112462006079,0.37656903765690375,22,10.915061950683594,1.023555040359497,0.2959410548210144
ang20191021t154726_r10118_c446_w151_h151,0,12504,69,249571,0.0,0.0,0.0,0.0,0,11992,69,250083,0.0,0.0,0.0,0.0,1826,15.091384887695312,0.5698843598365784,0.737221896648407
